L1	CLsat1	138.6	CLsat2	92.3	-46.3	UNIQUE_SEED_WITH_COMPETITOR	CLsat1
L2	CLsat1	144.3	CLsat2	95.4	-48.9	UNIQUE_SEED_WITH_COMPETITOR	CLsat1
L3	CLsat1	148.7	CLsat2	96.5	-52.2	UNIQUE_SEED_WITH_COMPETITOR	CLsat1
L4	CLsat1	134.8	CLsat2	87.9	-46.9	UNIQUE_SEED_WITH_COMPETITOR	CLsat1
L5	CLsat1	141.8	CLsat2	92.7	-49.1	UNIQUE_SEED_WITH_COMPETITOR	CLsat1
L6	CLsat1	144.2	CLsat2	93.3	-50.9	UNIQUE_SEED_WITH_COMPETITOR	CLsat1
L7	CLsat1	144.2	CLsat2	92.3	-51.9	UNIQUE_SEED_WITH_COMPETITOR	CLsat1
L8	CLsat1	141.9	CLsat2	92.1	-49.8	UNIQUE_SEED_WITH_COMPETITOR	CLsat1
L9	CLsat1	140.4	CLsat2	90.8	-49.6	UNIQUE_SEED_WITH_COMPETITOR	CLsat1
L10	CLsat1	132.6	CLsat2	89.9	-42.7	UNIQUE_SEED_WITH_COMPETITOR	CLsat1
L11	CLsat1	148.3	CLsat2	96.8	-51.5	UNIQUE_SEED_WITH_COMPETITOR	CLsat1
L12	CLsat1	135.5	CLsat2	88	-47.5	UNIQUE_SEED_WITH_COMPETITOR	CLsat1
L13	CLsat1	150.4	CLsat2	97.2	-53.2	UNIQUE_SEED_WITH_COMPETITOR	CLsat1
L14	CLsat1	147.1	CLsat2	96	-51.1	UNIQUE_SEED_WITH_COMPETITOR	CLsat1
L15	CLsat1	149.7	CLsat2	98.5	-51.2	UNIQUE_SEED_WITH_COMPETITOR	CLsat1
L16	CLsat1	150.2	CLsat2	97.6	-52.6	UNIQUE_SEED_WITH_COMPETITOR	CLsat1
L17	CLsat1	140.7	CLsat2	95.5	-45.2	UNIQUE_SEED_WITH_COMPETITOR	CLsat1
L18	CLsat1	129.3	CLsat2	88.7	-40.6	UNIQUE_SEED_WITH_COMPETITOR	CLsat1
L19	CLsat4	121	CLsat1	79.5	-41.5	UNIQUE_SEED_WITH_COMPETITOR	CLsat4
L20	CLsat4	124.5	CLsat1	82.8	-41.7	UNIQUE_SEED_WITH_COMPETITOR	CLsat4
L21	CLsat1	155.2	CLsat2	95.3	-59.9	UNIQUE_SEED_WITH_COMPETITOR	CLsat1
L22	CLsat1	161.2	CLsat2	109.4	-51.8	UNIQUE_SEED_WITH_COMPETITOR	CLsat1
L23	CLsat1	149.2	CLsat2	98.3	-50.9	UNIQUE_SEED_WITH_COMPETITOR	CLsat1
L24	CLsat1	131.4	CLsat2	84.1	-47.3	UNIQUE_SEED_WITH_COMPETITOR	CLsat1
L25	CLsat1	148.5	CLsat2	96.9	-51.6	UNIQUE_SEED_WITH_COMPETITOR	CLsat1
L26	CLsat1	136.3	CLsat2	95.3	-41	UNIQUE_SEED_WITH_COMPETITOR	CLsat1
L27	CLsat1	142.8	CLsat2	94.2	-48.6	UNIQUE_SEED_WITH_COMPETITOR	CLsat1
L28	CLsat1	144.4	CLsat2	93.7	-50.7	UNIQUE_SEED_WITH_COMPETITOR	CLsat1
L29	CLsat1	146.5	CLsat2	92.5	-54	UNIQUE_SEED_WITH_COMPETITOR	CLsat1
L30	CLsat1	147.6	CLsat2	92.4	-55.2	UNIQUE_SEED_WITH_COMPETITOR	CLsat1
L31	CLsat1	139.9	CLsat2	89.8	-50.1	UNIQUE_SEED_WITH_COMPETITOR	CLsat1
L32	CLsat1	136.4	CLsat2	88.1	-48.3	UNIQUE_SEED_WITH_COMPETITOR	CLsat1
L33	CLsat1	129.9	CLsat2	82.5	-47.4	UNIQUE_SEED_WITH_COMPETITOR	CLsat1
L34	CLsat1	142.3	CLsat2	94.6	-47.7	UNIQUE_SEED_WITH_COMPETITOR	CLsat1
L35	CLsat1	148.1	CLsat2	97.3	-50.8	UNIQUE_SEED_WITH_COMPETITOR	CLsat1
L36.1	CLsat1	145.3	CLsat2	95.5	49.8	SEGMENT_RESOLVED	CLsat1
L36.2	CLsat1	130.5	CLsat2	84.8	45.7	SEGMENT_RESOLVED	CLsat1
L36.3	CLsat1	149.9	CLsat2	95.9	54	SEGMENT_RESOLVED	CLsat1
L37	CLsat1	150.3	CLsat2	92.5	-57.8	UNIQUE_SEED_WITH_COMPETITOR	CLsat1
L38	CLsat1	145.4	CLsat2	95.4	-50	UNIQUE_SEED_WITH_COMPETITOR	CLsat1
L39	CLsat1	145.6	CLsat2	96.2	-49.4	UNIQUE_SEED_WITH_COMPETITOR	CLsat1
L40	CLsat1	140	CLsat2	89	-51	UNIQUE_SEED_WITH_COMPETITOR	CLsat1
L41	CLsat1	136.1	CLsat2	87.5	-48.6	UNIQUE_SEED_WITH_COMPETITOR	CLsat1
L42	CLsat1	135.2	CLsat2	86.4	-48.8	UNIQUE_SEED_WITH_COMPETITOR	CLsat1
L43	CLsat1	144.5	CLsat2	87.8	-56.7	UNIQUE_SEED_WITH_COMPETITOR	CLsat1
L44	CLsat1	136	CLsat2	89.6	-46.4	UNIQUE_SEED_WITH_COMPETITOR	CLsat1
L45	CLsat1	137.5	CLsat2	88.3	-49.2	UNIQUE_SEED_WITH_COMPETITOR	CLsat1
L46	CLsat1	136.8	CLsat2	87.2	-49.6	UNIQUE_SEED_WITH_COMPETITOR	CLsat1
L47	CLsat1	145.6	CLsat2	93.1	-52.5	UNIQUE_SEED_WITH_COMPETITOR	CLsat1
L48	CLsat1	142.5	CLsat2	91.5	-51	UNIQUE_SEED_WITH_COMPETITOR	CLsat1
L49	CLsat1	137.3	CLsat2	94	-43.3	UNIQUE_SEED_WITH_COMPETITOR	CLsat1
L50	CLsat1	138.4	CLsat2	94.9	-43.5	UNIQUE_SEED_WITH_COMPETITOR	CLsat1
L51	CLsat1	137.1	CLsat2	92.6	-44.5	UNIQUE_SEED_WITH_COMPETITOR	CLsat1
L52	CLsat1	143.6	CLsat2	92.3	-51.3	UNIQUE_SEED_WITH_COMPETITOR	CLsat1
L53	CLsat4	123.3	CLsat1	124.5	1.2	UNIQUE_SEED_WITH_COMPETITOR	CLsat4
L54	CLsat1	144.4	CLsat2	91.6	-52.8	UNIQUE_SEED_WITH_COMPETITOR	CLsat1
L55	CLsat1	152	CLsat2	95.3	-56.7	UNIQUE_SEED_WITH_COMPETITOR	CLsat1
L56	CLsat1	142.2	CLsat2	92.1	-50.1	UNIQUE_SEED_WITH_COMPETITOR	CLsat1
L57	CLsat1	138.7	CLsat2	90.2	-48.5	UNIQUE_SEED_WITH_COMPETITOR	CLsat1
L58	CLsat1	141.8	CLsat2	92.9	-48.9	UNIQUE_SEED_WITH_COMPETITOR	CLsat1
L59	CLsat1	142	CLsat2	91.1	-50.9	UNIQUE_SEED_WITH_COMPETITOR	CLsat1
L60	CLsat1	144.2	CLsat2	93.1	-51.1	UNIQUE_SEED_WITH_COMPETITOR	CLsat1
L61	CLsat1	148	CLsat2	96.8	-51.2	UNIQUE_SEED_WITH_COMPETITOR	CLsat1
L62	CLsat1	145.8	CLsat2	92.8	-53	UNIQUE_SEED_WITH_COMPETITOR	CLsat1
L63	CLsat1	148.5	CLsat2	95.6	-52.9	UNIQUE_SEED_WITH_COMPETITOR	CLsat1
L64	CLsat1	140.2	CLsat2	93.9	-46.3	UNIQUE_SEED_WITH_COMPETITOR	CLsat1
L65	CLsat1	149.7	CLsat2	97.4	-52.3	UNIQUE_SEED_WITH_COMPETITOR	CLsat1
L66	CLsat1	148.9	CLsat2	97.9	-51	UNIQUE_SEED_WITH_COMPETITOR	CLsat1
L67	CLsat1	145.5	CLsat2	97	-48.5	UNIQUE_SEED_WITH_COMPETITOR	CLsat1
L68	CLsat1	149.2	CLsat2	95.9	-53.3	UNIQUE_SEED_WITH_COMPETITOR	CLsat1
L69	CLsat1	146.5	CLsat2	94.3	-52.2	UNIQUE_SEED_WITH_COMPETITOR	CLsat1
L70	CLsat1	147.5	CLsat2	99.2	-48.3	UNIQUE_SEED_WITH_COMPETITOR	CLsat1
L71	CLsat1	142.3	CLsat2	90.9	-51.4	UNIQUE_SEED_WITH_COMPETITOR	CLsat1
L72	CLsat1	141.7	CLsat2	92.7	-49	UNIQUE_SEED_WITH_COMPETITOR	CLsat1
L73	CLsat1	139.4	CLsat2	90.2	-49.2	UNIQUE_SEED_WITH_COMPETITOR	CLsat1
L74	CLsat1	141.1	CLsat2	91.1	-50	UNIQUE_SEED_WITH_COMPETITOR	CLsat1
L75	CLsat1	151.9	CLsat2	94.5	-57.4	UNIQUE_SEED_WITH_COMPETITOR	CLsat1
L76	CLsat1	150.2	CLsat2	99.1	-51.1	UNIQUE_SEED_WITH_COMPETITOR	CLsat1
L77	CLsat1	148.2	CLsat2	97.5	-50.7	UNIQUE_SEED_WITH_COMPETITOR	CLsat1
L78	CLsat1	130	CLsat2	86.7	-43.3	UNIQUE_SEED_WITH_COMPETITOR	CLsat1
L79	CLsat1	145	CLsat2	94.1	-50.9	UNIQUE_SEED_WITH_COMPETITOR	CLsat1
L80	CLsat1	148.2	CLsat2	95.7	-52.5	UNIQUE_SEED_WITH_COMPETITOR	CLsat1
L81	CLsat1	149.7	CLsat2	96	-53.7	UNIQUE_SEED_WITH_COMPETITOR	CLsat1
L82	CLsat1	152.1	CLsat2	96.5	-55.6	UNIQUE_SEED_WITH_COMPETITOR	CLsat1
L83	CLsat1	151.2	CLsat2	94.8	-56.4	UNIQUE_SEED_WITH_COMPETITOR	CLsat1
L84	CLsat1	138.4	CLsat2	89.8	-48.6	UNIQUE_SEED_WITH_COMPETITOR	CLsat1
L85	CLsat1	145.4	CLsat2	92.3	-53.1	UNIQUE_SEED_WITH_COMPETITOR	CLsat1
L86	CLsat1	139.2	CLsat2	94.4	-44.8	UNIQUE_SEED_WITH_COMPETITOR	CLsat1
L87	CLsat1	146.6	CLsat2	92.2	-54.4	UNIQUE_SEED_WITH_COMPETITOR	CLsat1
L88	CLsat1	148.3	CLsat2	97.7	-50.6	UNIQUE_SEED_WITH_COMPETITOR	CLsat1
L89	CLsat1	143.3	CLsat2	89.2	-54.1	UNIQUE_SEED_WITH_COMPETITOR	CLsat1
L90	CLsat1	142.6	CLsat2	90.2	-52.4	UNIQUE_SEED_WITH_COMPETITOR	CLsat1
L91	CLsat1	140.1	CLsat2	91.4	-48.7	UNIQUE_SEED_WITH_COMPETITOR	CLsat1
L92	CLsat1	140.4	CLsat2	90.8	-49.6	UNIQUE_SEED_WITH_COMPETITOR	CLsat1
L93	CLsat1	149.4	CLsat2	97.2	-52.2	UNIQUE_SEED_WITH_COMPETITOR	CLsat1
L94	CLsat1	145	CLsat2	93.5	-51.5	UNIQUE_SEED_WITH_COMPETITOR	CLsat1
L95	CLsat1	147.9	CLsat2	95.1	-52.8	UNIQUE_SEED_WITH_COMPETITOR	CLsat1
L96	CLsat1	149.8	CLsat2	96.3	-53.5	UNIQUE_SEED_WITH_COMPETITOR	CLsat1
L97	CLsat1	153.2	CLsat2	94.2	-59	UNIQUE_SEED_WITH_COMPETITOR	CLsat1
L98	CLsat1	141.8	CLsat2	92.3	-49.5	UNIQUE_SEED_WITH_COMPETITOR	CLsat1
L99	CLsat1	148.4	CLsat2	95.8	-52.6	UNIQUE_SEED_WITH_COMPETITOR	CLsat1
L100	CLsat1	147	CLsat2	93.5	-53.5	UNIQUE_SEED_WITH_COMPETITOR	CLsat1
L101	CLsat1	148.6	CLsat2	94.5	-54.1	UNIQUE_SEED_WITH_COMPETITOR	CLsat1
L102	CLsat1	141.6	CLsat2	91.8	-49.8	UNIQUE_SEED_WITH_COMPETITOR	CLsat1
L103	CLsat1	144	CLsat2	96.1	-47.9	UNIQUE_SEED_WITH_COMPETITOR	CLsat1
L104	CLsat1	140.5	CLsat2	93.1	-47.4	UNIQUE_SEED_WITH_COMPETITOR	CLsat1
L105	CLsat1	146.5	CLsat2	92.7	-53.8	UNIQUE_SEED_WITH_COMPETITOR	CLsat1
L106	CLsat1	146.8	CLsat2	92.2	-54.6	UNIQUE_SEED_WITH_COMPETITOR	CLsat1
L107	CLsat1	151.5	CLsat2	101.8	-49.7	UNIQUE_SEED_WITH_COMPETITOR	CLsat1
L108	CLsat1	144.8	CLsat2	96.2	-48.6	UNIQUE_SEED_WITH_COMPETITOR	CLsat1
L109	CLsat1	149.9	CLsat2	100.7	-49.2	UNIQUE_SEED_WITH_COMPETITOR	CLsat1
L110	CLsat1	156.1	CLsat2	101.1	-55	UNIQUE_SEED_WITH_COMPETITOR	CLsat1
L111	CLsat1	153	CLsat2	100.3	-52.7	UNIQUE_SEED_WITH_COMPETITOR	CLsat1
L112	CLsat1	166.5	CLsat4	130.6	35.9	SEED_CONFLICT_RESOLVED	CLsat1,CLsat4
L113	CLsat3	156.4	CLsat2	103.8	-52.6	UNIQUE_SEED_WITH_COMPETITOR	CLsat3
L114.2	CLsat1	164	CLsat3	140.3	23.7	SEGMENT_RESOLVED	CLsat1
L115	CLsat1	159.5	CLsat2	110.2	-49.3	UNIQUE_SEED_WITH_COMPETITOR	CLsat1
L116.1	CLsat4	127.4	CLsat1	82.4	45	SEGMENT_RESOLVED	CLsat1,CLsat4
L116.2	CLsat1	151.8	CLsat4	127.4	24.4	SEGMENT_RESOLVED	CLsat1,CLsat4
L117	CLsat1	149.5	CLsat2	99.2	-50.3	UNIQUE_SEED_WITH_COMPETITOR	CLsat1
L118	CLsat1	143.2	CLsat2	94.9	-48.3	UNIQUE_SEED_WITH_COMPETITOR	CLsat1
L119	CLsat1	146.8	CLsat2	92.5	-54.3	UNIQUE_SEED_WITH_COMPETITOR	CLsat1
L120	CLsat1	139	CLsat2	99.1	-39.9	UNIQUE_SEED_WITH_COMPETITOR	CLsat1
L121	CLsat1	154.1	CLsat3	117.5	-36.6	UNIQUE_SEED_WITH_COMPETITOR	CLsat1
L122	CLsat1	149.9	CLsat2	101.6	-48.3	UNIQUE_SEED_WITH_COMPETITOR	CLsat1
L123.1	CLsat4	126	CLsat1	80.2	45.8	SEGMENT_RESOLVED	CLsat1,CLsat4
L123.2	CLsat1	155.2	CLsat4	121.9	33.3	SEGMENT_RESOLVED	CLsat1,CLsat4
L124.1	CLsat3	84.3	CLsat1	82.3	2	SEGMENT_RESOLVED_AMBIGUOUS	CLsat1,CLsat4
L124.2	CLsat1	162.7	CLsat4	129.4	33.3	SEGMENT_RESOLVED	CLsat1,CLsat4
L125	CLsat3	158	CLsat2	100.1	-57.9	UNIQUE_SEED_WITH_COMPETITOR	CLsat3
L126	CLsat3	170.6	CLsat1	148	-22.6	UNIQUE_SEED_WITH_COMPETITOR	CLsat3
L127	CLsat1	165.2	CLsat2	107.6	-57.6	UNIQUE_SEED_WITH_COMPETITOR	CLsat1
L128	CLsat1	161.1	CLsat2	106.9	-54.2	UNIQUE_SEED_WITH_COMPETITOR	CLsat1
L129	CLsat1	157.1	CLsat4	133.8	23.3	SEED_CONFLICT_RESOLVED	CLsat1,CLsat4
L130	CLsat1	167.7	CLsat4	131.4	36.3	SEED_CONFLICT_RESOLVED	CLsat1,CLsat4
L131.1	CLsat4	128.8	CLsat1	81.6	47.2	SEGMENT_RESOLVED	CLsat1,CLsat4
L131.2	CLsat1	153.8	CLsat4	117.5	36.3	SEGMENT_RESOLVED	CLsat1,CLsat4
L132.1	CLsat4	126.2	CLsat1	79.7	46.5	SEGMENT_RESOLVED	CLsat1,CLsat4
L132.2	CLsat1	154.6	CLsat4	129	25.6	SEGMENT_RESOLVED	CLsat1,CLsat4
L133.1	CLsat4	132.2	CLsat1	82.2	50	SEGMENT_RESOLVED	CLsat1,CLsat4
L133.2	CLsat1	155.5	CLsat4	115.5	40	SEGMENT_RESOLVED	CLsat1,CLsat4
L134	CLsat1	163.3	CLsat4	127.8	35.5	SEED_CONFLICT_RESOLVED	CLsat1,CLsat4
L135.2	CLsat1	155.8	CLsat2	103.8	52	SEGMENT_RESOLVED	CLsat1
L136	CLsat1	165	CLsat2	108.8	-56.2	UNIQUE_SEED_WITH_COMPETITOR	CLsat1
L137	CLsat1	153.9	CLsat2	100.6	-53.3	UNIQUE_SEED_WITH_COMPETITOR	CLsat1
L138	CLsat1	158.5	CLsat4	130.3	28.2	SEED_CONFLICT_RESOLVED	CLsat1,CLsat4
L139	CLsat3	160.2	CLsat1	147.9	12.3	SEED_CONFLICT_RESOLVED_AMBIGUOUS	CLsat1,CLsat3
L140.1	CLsat3	166.8	CLsat1	143.3	23.5	SEGMENT_RESOLVED	CLsat1,CLsat3
L140.2	CLsat1	160.5	CLsat2	105.2	55.3	SEGMENT_RESOLVED	CLsat1,CLsat3
L141.1	CLsat4	126.1	CLsat1	80.5	45.6	SEGMENT_RESOLVED	CLsat1,CLsat4
L141.2	CLsat1	149.5	CLsat4	124.5	25	SEGMENT_RESOLVED	CLsat1,CLsat4
L142	CLsat1	157.7	CLsat2	98.1	-59.6	UNIQUE_SEED_WITH_COMPETITOR	CLsat1
L143	CLsat1	157	CLsat2	99.7	-57.3	UNIQUE_SEED_WITH_COMPETITOR	CLsat1
L144	CLsat1	155.4	CLsat2	101.1	-54.3	UNIQUE_SEED_WITH_COMPETITOR	CLsat1
L145.1	CLsat3	148.4	CLsat1	128.1	20.3	SEGMENT_RESOLVED	CLsat1,CLsat4
L145.2	CLsat1	169.2	CLsat3	142	27.2	SEGMENT_RESOLVED	CLsat1,CLsat4
L146	CLsat1	162.9	CLsat2	105.2	-57.7	UNIQUE_SEED_WITH_COMPETITOR	CLsat1
L147	CLsat1	150.5	CLsat2	102.7	-47.8	UNIQUE_SEED_WITH_COMPETITOR	CLsat1
L148	CLsat1	168	CLsat4	128.2	39.8	SEED_CONFLICT_RESOLVED	CLsat1,CLsat4
L149	CLsat1	153.6	CLsat2	101.9	-51.7	UNIQUE_SEED_WITH_COMPETITOR	CLsat1
L150	CLsat1	139.8	CLsat2	95.6	-44.2	UNIQUE_SEED_WITH_COMPETITOR	CLsat1
L151	CLsat1	145.8	CLsat2	96.7	-49.1	UNIQUE_SEED_WITH_COMPETITOR	CLsat1
L152	CLsat1	163.8	CLsat2	110.8	-53	UNIQUE_SEED_WITH_COMPETITOR	CLsat1
L153.1	CLsat1	160.1	CLsat2	103.9	56.2	SEGMENT_RESOLVED	CLsat1,CLsat3
L153.2	CLsat3	169.8	CLsat1	126.3	43.5	SEGMENT_RESOLVED	CLsat1,CLsat3
L154	CLsat3	137.3	CLsat1	101.3	-36	UNIQUE_SEED_WITH_COMPETITOR	CLsat3
L155	CLsat3	81.3	CLsat1	75.8	-5.5	UNIQUE_SEED_WITH_COMPETITOR	CLsat3
L156	CLsat3	85.1	CLsat1	76.8	-8.3	UNIQUE_SEED_WITH_COMPETITOR	CLsat3
L157	CLsat3	115	CLsat1	115.1	0.1	UNIQUE_SEED_WITH_COMPETITOR	CLsat3
L158.1	CLsat3	156.2	CLsat2	107	49.2	SEGMENT_RESOLVED	CLsat1,CLsat3
L158.2	CLsat1	161	CLsat3	126.3	34.7	SEGMENT_RESOLVED	CLsat1,CLsat3
L159	CLsat3	136.2	CLsat1	106.1	-30.1	UNIQUE_SEED_WITH_COMPETITOR	CLsat3
L160	CLsat1	163.8	CLsat2	109.3	-54.5	UNIQUE_SEED_WITH_COMPETITOR	CLsat1
L161	CLsat1	155.6	CLsat2	107.9	-47.7	UNIQUE_SEED_WITH_COMPETITOR	CLsat1
L162	CLsat1	158.6	CLsat2	106.5	-52.1	UNIQUE_SEED_WITH_COMPETITOR	CLsat1
L163	CLsat1	152.2	CLsat2	102.2	-50	UNIQUE_SEED_WITH_COMPETITOR	CLsat1
L164	CLsat1	156.2	CLsat2	106.3	-49.9	UNIQUE_SEED_WITH_COMPETITOR	CLsat1
L165.1	CLsat1	159.3	CLsat2	111	48.3	SEGMENT_RESOLVED	CLsat1,CLsat3
L165.2	CLsat3	176	CLsat1	149.2	26.8	SEGMENT_RESOLVED	CLsat1,CLsat3
L166.1	CLsat3	152.8	CLsat1	132.2	20.6	SEGMENT_RESOLVED	CLsat1,CLsat3
L166.2	CLsat1	168.5	CLsat3	137.4	31.1	SEGMENT_RESOLVED	CLsat1,CLsat3
L167	CLsat1	157.8	CLsat2	108	-49.8	UNIQUE_SEED_WITH_COMPETITOR	CLsat1
L168.1	CLsat3	164.4	CLsat1	138.5	25.9	SEGMENT_RESOLVED	CLsat1
L168.2	CLsat1	158.7	CLsat3	144	14.7	SEGMENT_RESOLVED_AMBIGUOUS	CLsat1
L169.1	CLsat3	165.5	CLsat1	140.8	24.7	SEGMENT_RESOLVED	CLsat1,CLsat3
L169.2	CLsat3	160.4	CLsat1	153	7.4	SEGMENT_RESOLVED_AMBIGUOUS	CLsat1,CLsat3
L170	CLsat1	152.2	CLsat2	96.8	-55.4	UNIQUE_SEED_WITH_COMPETITOR	CLsat1
L171.1	CLsat3	166.6	CLsat1	139.3	27.3	SEGMENT_RESOLVED	CLsat1,CLsat3
L171.2	CLsat1	158.4	CLsat3	135.5	22.9	SEGMENT_RESOLVED	CLsat1,CLsat3
L172.1	CLsat1	150	CLsat3	102.7	47.3	SEGMENT_RESOLVED	CLsat3
L172.2	CLsat3	162.6	CLsat1	136.5	26.1	SEGMENT_RESOLVED	CLsat3
L173	CLsat1	160.5	CLsat2	109.3	-51.2	UNIQUE_SEED_WITH_COMPETITOR	CLsat1
L174.1	CLsat1	162.7	CLsat2	110.8	51.9	SEGMENT_RESOLVED	CLsat1,CLsat3
L174.2	CLsat3	174.7	CLsat1	140.5	34.2	SEGMENT_RESOLVED	CLsat1,CLsat3
L175	CLsat1	148.1	CLsat2	100.5	-47.6	UNIQUE_SEED_WITH_COMPETITOR	CLsat1
L176	CLsat1	156.6	CLsat2	102.6	-54	UNIQUE_SEED_WITH_COMPETITOR	CLsat1
L177.2	CLsat3	163.7	CLsat1	138.9	24.8	SEGMENT_RESOLVED	CLsat1,CLsat3
L178	CLsat1	155.6	CLsat2	104.1	-51.5	UNIQUE_SEED_WITH_COMPETITOR	CLsat1
L179	CLsat1	155.3	CLsat2	103.2	-52.1	UNIQUE_SEED_WITH_COMPETITOR	CLsat1
L180	CLsat1	157.2	CLsat2	109.5	-47.7	UNIQUE_SEED_WITH_COMPETITOR	CLsat1
L181	CLsat1	150.6	CLsat2	101.9	-48.7	UNIQUE_SEED_WITH_COMPETITOR	CLsat1
L182.1	CLsat3	168	CLsat1	136.8	31.2	SEGMENT_RESOLVED	CLsat1,CLsat3
L182.2	CLsat3	153.5	CLsat1	149.8	3.7	SEGMENT_RESOLVED_AMBIGUOUS	CLsat1,CLsat3
L183	CLsat1	155.2	CLsat2	107	-48.2	UNIQUE_SEED_WITH_COMPETITOR	CLsat1
L184	CLsat1	163.5	CLsat2	106.8	-56.7	UNIQUE_SEED_WITH_COMPETITOR	CLsat1
L185.1	CLsat3	166.7	CLsat1	132.4	34.3	SEGMENT_RESOLVED	CLsat1,CLsat3
L185.2	CLsat1	149.1	CLsat2	98.2	50.9	SEGMENT_RESOLVED	CLsat1,CLsat3
L186.1	CLsat1	166	CLsat2	110.6	55.4	SEGMENT_RESOLVED	CLsat1,CLsat3
L186.2	CLsat3	172.3	CLsat1	139.2	33.1	SEGMENT_RESOLVED	CLsat1,CLsat3
L187	CLsat3	166.4	CLsat2	100.7	-65.7	UNIQUE_SEED_WITH_COMPETITOR	CLsat3
L188	CLsat1	161.8	CLsat2	106.5	-55.3	UNIQUE_SEED_WITH_COMPETITOR	CLsat1
L189	CLsat1	167	CLsat2	113.4	-53.6	UNIQUE_SEED_WITH_COMPETITOR	CLsat1
L190	CLsat1	151.5	CLsat2	100	-51.5	UNIQUE_SEED_WITH_COMPETITOR	CLsat1
L191	CLsat1	95.4	CLsat3	155.3	59.9	UNIQUE_SEED_CONTRADICTION	CLsat1
L192.2	CLsat1	165.3	CLsat2	107.7	57.6	SEGMENT_RESOLVED	CLsat1
L193.1	CLsat3	167.5	CLsat2	100.4	67.1	SEGMENT_RESOLVED	CLsat1,CLsat3
L193.2	CLsat1	154.3	CLsat3	149.2	5.1	SEGMENT_RESOLVED_AMBIGUOUS	CLsat1,CLsat3
L194	CLsat1	150.9	CLsat2	100.3	-50.6	UNIQUE_SEED_WITH_COMPETITOR	CLsat1
L195	CLsat1	148.5	CLsat3	145.8	-2.7	UNIQUE_SEED_WITH_COMPETITOR	CLsat1
L196	CLsat1	165.3	CLsat2	108.9	-56.4	UNIQUE_SEED_WITH_COMPETITOR	CLsat1
L197.1	CLsat3	169.4	CLsat1	143.9	25.5	SEGMENT_RESOLVED	CLsat1,CLsat3
L197.2	CLsat1	154.3	CLsat2	102.2	52.1	SEGMENT_RESOLVED	CLsat1,CLsat3
L198	CLsat3	178.9	CLsat2	107.5	-71.4	UNIQUE_SEED_WITH_COMPETITOR	CLsat3
L199	CLsat3	173	CLsat2	102.3	-70.7	UNIQUE_SEED_WITH_COMPETITOR	CLsat3
L200.1	CLsat3	166.9	CLsat1	138.2	28.7	SEGMENT_RESOLVED	CLsat1,CLsat3
L200.2	CLsat1	153	CLsat2	98.4	54.6	SEGMENT_RESOLVED	CLsat1,CLsat3
L201	CLsat3	176.8	CLsat2	104.4	-72.4	UNIQUE_SEED_WITH_COMPETITOR	CLsat3
L202	CLsat1	150.4	CLsat2	100.2	-50.2	UNIQUE_SEED_WITH_COMPETITOR	CLsat1
L203	CLsat3	178.8	CLsat2	107.4	-71.4	UNIQUE_SEED_WITH_COMPETITOR	CLsat3
L204.1	CLsat3	166.5	CLsat1	136.7	29.8	SEGMENT_RESOLVED	CLsat1,CLsat3
L204.2	CLsat1	159	CLsat3	108	51	SEGMENT_RESOLVED	CLsat1,CLsat3
L205.1	CLsat1	157.3	CLsat2	106.8	50.5	SEGMENT_RESOLVED	CLsat1,CLsat3
L205.2	CLsat3	174.5	CLsat1	141.5	33	SEGMENT_RESOLVED	CLsat1,CLsat3
L206	CLsat1	165.6	CLsat2	108.7	-56.9	UNIQUE_SEED_WITH_COMPETITOR	CLsat1
L207	CLsat1	155.2	CLsat2	104.3	-50.9	UNIQUE_SEED_WITH_COMPETITOR	CLsat1
L208.1	CLsat1	162.6	CLsat2	109.6	53	SEGMENT_RESOLVED	CLsat1,CLsat3
L208.2	CLsat3	179.7	CLsat1	152.4	27.3	SEGMENT_RESOLVED	CLsat1,CLsat3
L209.1	CLsat1	159.4	CLsat2	107.9	51.5	SEGMENT_RESOLVED	CLsat1,CLsat3
L209.2	CLsat3	173.1	CLsat1	154.1	19	SEGMENT_RESOLVED	CLsat1,CLsat3
L210.1	CLsat3	163.7	CLsat2	102.8	60.9	SEGMENT_RESOLVED	CLsat1,CLsat3
L210.2	CLsat1	155	CLsat3	144.9	10.1	SEGMENT_RESOLVED_AMBIGUOUS	CLsat1,CLsat3
L211	CLsat1	154.8	CLsat2	105.7	-49.1	UNIQUE_SEED_WITH_COMPETITOR	CLsat1
L212	CLsat1	162.6	CLsat2	108.3	-54.3	UNIQUE_SEED_WITH_COMPETITOR	CLsat1
L213	CLsat1	156.6	CLsat2	105.8	-50.8	UNIQUE_SEED_WITH_COMPETITOR	CLsat1
L214	CLsat1	158.6	CLsat2	107.1	-51.5	UNIQUE_SEED_WITH_COMPETITOR	CLsat1
L215.1	CLsat1	160.6	CLsat2	106	54.6	SEGMENT_RESOLVED	CLsat1,CLsat3
L215.2	CLsat3	177.8	CLsat1	139.2	38.6	SEGMENT_RESOLVED	CLsat1,CLsat3
L216	CLsat3	176.2	CLsat2	108.7	-67.5	UNIQUE_SEED_WITH_COMPETITOR	CLsat3
L217	CLsat1	164	CLsat2	107.6	-56.4	UNIQUE_SEED_WITH_COMPETITOR	CLsat1
L218	CLsat3	167.2	CLsat2	103	-64.2	UNIQUE_SEED_WITH_COMPETITOR	CLsat3
L219	CLsat1	158.3	CLsat2	105	-53.3	UNIQUE_SEED_WITH_COMPETITOR	CLsat1
L220	CLsat1	155	CLsat2	103.1	-51.9	UNIQUE_SEED_WITH_COMPETITOR	CLsat1
L221	CLsat1	160.2	CLsat2	106.9	-53.3	UNIQUE_SEED_WITH_COMPETITOR	CLsat1
L222	CLsat1	154.1	CLsat2	100.4	-53.7	UNIQUE_SEED_WITH_COMPETITOR	CLsat1
L223	CLsat1	161.7	CLsat2	107.2	-54.5	UNIQUE_SEED_WITH_COMPETITOR	CLsat1
L224	CLsat3	176	CLsat2	107.2	-68.8	UNIQUE_SEED_WITH_COMPETITOR	CLsat3
L225	CLsat1	149.5	CLsat2	102.2	-47.3	UNIQUE_SEED_WITH_COMPETITOR	CLsat1
L226	CLsat1	162	CLsat2	110.5	-51.5	UNIQUE_SEED_WITH_COMPETITOR	CLsat1
L227	CLsat3	163	CLsat2	103.7	-59.3	UNIQUE_SEED_WITH_COMPETITOR	CLsat3
L228	CLsat3	177	CLsat2	104.3	-72.7	UNIQUE_SEED_WITH_COMPETITOR	CLsat3
L229	CLsat1	149.2	CLsat2	100.7	-48.5	UNIQUE_SEED_WITH_COMPETITOR	CLsat1
L230	CLsat3	171.4	CLsat2	105.8	-65.6	UNIQUE_SEED_WITH_COMPETITOR	CLsat3
L231.1	CLsat3	160.8	CLsat1	143	17.8	SEGMENT_RESOLVED	CLsat1,CLsat3
L231.2	CLsat1	154.6	CLsat3	129.3	25.3	SEGMENT_RESOLVED	CLsat1,CLsat3
L232	CLsat3	132	CLsat1	102	-30	UNIQUE_SEED_WITH_COMPETITOR	CLsat3
L233.1	CLsat3	164.5	CLsat1	139.7	24.8	SEGMENT_RESOLVED	CLsat1,CLsat3
L233.2	CLsat1	152.2	CLsat2	105.3	46.9	SEGMENT_RESOLVED	CLsat1,CLsat3
L234	CLsat1	147.5	CLsat3	153	5.5	UNIQUE_SEED_WITH_COMPETITOR	CLsat1
L235.1	CLsat3	168.1	CLsat1	136.8	31.3	SEGMENT_RESOLVED	CLsat1,CLsat3
L235.2	CLsat1	153.8	CLsat2	103.2	50.6	SEGMENT_RESOLVED	CLsat1,CLsat3
L236.1	CLsat3	166	CLsat1	144.1	21.9	SEGMENT_RESOLVED	CLsat1,CLsat3
L236.2	CLsat1	155.7	CLsat3	135.6	20.1	SEGMENT_RESOLVED	CLsat1,CLsat3
L237	CLsat3	173.2	CLsat1	150.9	22.3	SEED_CONFLICT_RESOLVED	CLsat1,CLsat3
L238.1	CLsat1	163.5	CLsat3	160.8	2.7	SEGMENT_RESOLVED_AMBIGUOUS	CLsat1
L238.2	CLsat3	182.5	CLsat1	158	24.5	SEGMENT_RESOLVED	CLsat1
L239.1	CLsat1	16.8	CLsat4	15.2	1.6	SEGMENT_RESOLVED_AMBIGUOUS	CLsat1,CLsat3
L239.2	CLsat3	165.9	CLsat1	136.2	29.7	SEGMENT_RESOLVED	CLsat1,CLsat3
L239.3	CLsat1	154.6	CLsat3	149.2	5.4	SEGMENT_RESOLVED_AMBIGUOUS	CLsat1,CLsat3
L239.4	CLsat3	146.3	CLsat2	94.8	51.5	SEGMENT_RESOLVED	CLsat1,CLsat3
L240	CLsat1	163.5	CLsat2	107	-56.5	UNIQUE_SEED_WITH_COMPETITOR	CLsat1
L241.1	CLsat1	163.7	CLsat2	113.2	50.5	SEGMENT_RESOLVED	CLsat1
L241.2	CLsat3	177.3	CLsat1	149.2	28.1	SEGMENT_RESOLVED	CLsat1
L242	CLsat3	123.2	CLsat2	95	-28.2	UNIQUE_SEED_WITH_COMPETITOR	CLsat3
L243	CLsat3	183	CLsat2	107.3	-75.7	UNIQUE_SEED_WITH_COMPETITOR	CLsat3
L244.1	CLsat3	174.6	CLsat1	149	25.6	SEGMENT_RESOLVED	CLsat1,CLsat3
L244.2	CLsat1	166.5	CLsat2	108.9	57.6	SEGMENT_RESOLVED	CLsat1,CLsat3
L244.3	CLsat3	180.4	CLsat1	146.1	34.3	SEGMENT_RESOLVED	CLsat1,CLsat3
L245.1	CLsat1	160.9	CLsat2	107.3	53.6	SEGMENT_RESOLVED	CLsat1,CLsat3
L245.2	CLsat3	179.3	CLsat1	148.6	30.7	SEGMENT_RESOLVED	CLsat1,CLsat3
L246	CLsat1	155	CLsat2	100.9	-54.1	UNIQUE_SEED_WITH_COMPETITOR	CLsat1
L247.1	CLsat3	169.3	CLsat1	134.7	34.6	SEGMENT_RESOLVED	CLsat1,CLsat3
L247.2	CLsat1	153.1	CLsat3	114.4	38.7	SEGMENT_RESOLVED	CLsat1,CLsat3
L247.3	CLsat3	152.7	CLsat1	99	53.7	SEGMENT_RESOLVED	CLsat1,CLsat3
L248	CLsat3	144.4	CLsat1	100.9	-43.5	UNIQUE_SEED_WITH_COMPETITOR	CLsat3
L249	CLsat3	142.1	CLsat1	101.8	-40.3	UNIQUE_SEED_WITH_COMPETITOR	CLsat3
L250	CLsat3	108.1	CLsat1	111.3	3.2	UNIQUE_SEED_WITH_COMPETITOR	CLsat3
L251.1	CLsat1	168.2	CLsat2	110.1	58.1	SEGMENT_RESOLVED	CLsat1,CLsat3
L251.2	CLsat3	175.8	CLsat1	145.4	30.4	SEGMENT_RESOLVED	CLsat1,CLsat3
L252.1	CLsat3	166	CLsat2	102.6	63.4	SEGMENT_RESOLVED	CLsat1,CLsat3
L252.2	CLsat1	151.5	CLsat3	148.6	2.9	SEGMENT_RESOLVED_AMBIGUOUS	CLsat1,CLsat3
L253	CLsat1	152	CLsat2	109.1	-42.9	UNIQUE_SEED_WITH_COMPETITOR	CLsat1
L254	CLsat1	156.8	CLsat2	99.6	-57.2	UNIQUE_SEED_WITH_COMPETITOR	CLsat1
L255	CLsat1	147	CLsat3	98.3	-48.7	UNIQUE_SEED_WITH_COMPETITOR	CLsat1
L256	CLsat1	145.4	CLsat2	97.6	-47.8	UNIQUE_SEED_WITH_COMPETITOR	CLsat1
L257	CLsat1	158.9	CLsat2	103.1	-55.8	UNIQUE_SEED_WITH_COMPETITOR	CLsat1
L258	CLsat1	147.8	CLsat2	96	-51.8	UNIQUE_SEED_WITH_COMPETITOR	CLsat1
L259	CLsat1	153.4	CLsat2	102.5	-50.9	UNIQUE_SEED_WITH_COMPETITOR	CLsat1
L260	CLsat1	154.8	CLsat2	104.9	-49.9	UNIQUE_SEED_WITH_COMPETITOR	CLsat1
L261.1	CLsat3	170.7	CLsat1	140.6	30.1	SEGMENT_RESOLVED	CLsat1,CLsat3
L261.2	CLsat1	153.6	CLsat2	103.3	50.3	SEGMENT_RESOLVED	CLsat1,CLsat3
L262.1	CLsat1	164	CLsat2	110	54	SEGMENT_RESOLVED	CLsat1
L262.2	CLsat3	176.6	CLsat1	144.4	32.2	SEGMENT_RESOLVED	CLsat1
L263.1	CLsat3	167.9	CLsat2	102.1	65.8	SEGMENT_RESOLVED	CLsat1,CLsat3
L263.2	CLsat3	153.5	CLsat1	152.1	1.4	SEGMENT_RESOLVED_AMBIGUOUS	CLsat1,CLsat3
L264.1	CLsat3	165.1	CLsat1	122.9	42.2	SEGMENT_RESOLVED	CLsat1,CLsat3
L264.2	CLsat1	151.5	CLsat2	101.5	50	SEGMENT_RESOLVED	CLsat1,CLsat3
L265.1	CLsat1	154.8	CLsat2	103.3	51.5	SEGMENT_RESOLVED	CLsat1
L265.2	CLsat3	167.1	CLsat1	138.5	28.6	SEGMENT_RESOLVED	CLsat1
L266	CLsat1	162.5	CLsat2	109.9	-52.6	UNIQUE_SEED_WITH_COMPETITOR	CLsat1
L267.1	CLsat1	160.1	CLsat2	106.6	53.5	SEGMENT_RESOLVED	CLsat1
L267.2	CLsat3	174.4	CLsat1	151.2	23.2	SEGMENT_RESOLVED	CLsat1
L268.1	CLsat1	163.8	CLsat2	109.8	54	SEGMENT_RESOLVED	CLsat1
L268.2	CLsat3	176.2	CLsat1	151.4	24.8	SEGMENT_RESOLVED	CLsat1
L269	CLsat1	160.3	CLsat2	102.2	-58.1	UNIQUE_SEED_WITH_COMPETITOR	CLsat1
L270	CLsat1	159.2	CLsat2	105	-54.2	UNIQUE_SEED_WITH_COMPETITOR	CLsat1
L271	CLsat1	151.2	CLsat2	103.6	-47.6	UNIQUE_SEED_WITH_COMPETITOR	CLsat1
L272	CLsat1	154.6	CLsat2	100.1	-54.5	UNIQUE_SEED_WITH_COMPETITOR	CLsat1
L273.2	CLsat3	156.5	CLsat1	144.8	11.7	SEGMENT_RESOLVED_AMBIGUOUS	CLsat1,CLsat3
L273.3	CLsat1	161.1	CLsat2	108.8	52.3	SEGMENT_RESOLVED	CLsat1,CLsat3
L273.4	CLsat3	176.5	CLsat1	152.7	23.8	SEGMENT_RESOLVED	CLsat1,CLsat3
L274.1	CLsat3	168.5	CLsat1	139.2	29.3	SEGMENT_RESOLVED	CLsat3
L274.2	CLsat1	154.4	CLsat2	102.3	52.1	SEGMENT_RESOLVED	CLsat3
L275	CLsat1	152.9	CLsat2	102.6	-50.3	UNIQUE_SEED_WITH_COMPETITOR	CLsat1
L276.1	CLsat1	158.5	CLsat2	108.1	50.4	SEGMENT_RESOLVED	CLsat1,CLsat3
L276.2	CLsat3	179.3	CLsat1	150	29.3	SEGMENT_RESOLVED	CLsat1,CLsat3
L277.1	CLsat3	176.3	CLsat1	141	35.3	SEGMENT_RESOLVED	CLsat3
L277.2	CLsat1	159.4	CLsat3	151.3	8.1	SEGMENT_RESOLVED_AMBIGUOUS	CLsat3
L278	CLsat1	150.8	CLsat3	142.5	-8.3	UNIQUE_SEED_WITH_COMPETITOR	CLsat1
L279.1	CLsat1	158.5	CLsat2	105.9	52.6	SEGMENT_RESOLVED	CLsat1,CLsat3
L279.2	CLsat3	178.7	CLsat1	141.4	37.3	SEGMENT_RESOLVED	CLsat1,CLsat3
L280.1	CLsat1	163.7	CLsat2	111.2	52.5	SEGMENT_RESOLVED	CLsat1
L280.2	CLsat3	180.9	CLsat1	142.9	38	SEGMENT_RESOLVED	CLsat1
L281	CLsat3	166	CLsat2	100.5	-65.5	UNIQUE_SEED_WITH_COMPETITOR	CLsat3
L282	CLsat3	172.7	CLsat2	101.9	-70.8	UNIQUE_SEED_WITH_COMPETITOR	CLsat3
L283.1	CLsat3	165.8	CLsat1	139	26.8	SEGMENT_RESOLVED	CLsat1,CLsat3
L283.2	CLsat1	153.7	CLsat2	103	50.7	SEGMENT_RESOLVED	CLsat1,CLsat3
L284.1	CLsat3	165.2	CLsat1	135.8	29.4	SEGMENT_RESOLVED	CLsat1,CLsat3
L284.2	CLsat1	152	CLsat2	98.3	53.7	SEGMENT_RESOLVED	CLsat1,CLsat3
L285	CLsat3	169.4	CLsat2	103.9	-65.5	UNIQUE_SEED_WITH_COMPETITOR	CLsat3
L286	CLsat1	150.5	CLsat2	99.2	-51.3	UNIQUE_SEED_WITH_COMPETITOR	CLsat1
L287	CLsat1	135.2	CLsat2	96.1	-39.1	UNIQUE_SEED_WITH_COMPETITOR	CLsat1
L288	CLsat1	133.6	CLsat2	96.2	-37.4	UNIQUE_SEED_WITH_COMPETITOR	CLsat1
L289	CLsat1	138.7	CLsat2	93.2	-45.5	UNIQUE_SEED_WITH_COMPETITOR	CLsat1
L290	CLsat1	139.5	CLsat2	96.6	-42.9	UNIQUE_SEED_WITH_COMPETITOR	CLsat1
L291	CLsat1	137	CLsat2	96.5	-40.5	UNIQUE_SEED_WITH_COMPETITOR	CLsat1
L292	CLsat1	135	CLsat2	92.6	-42.4	UNIQUE_SEED_WITH_COMPETITOR	CLsat1
L293	CLsat1	148.5	CLsat2	99.4	-49.1	UNIQUE_SEED_WITH_COMPETITOR	CLsat1
L294	CLsat1	136	CLsat2	94.4	-41.6	UNIQUE_SEED_WITH_COMPETITOR	CLsat1
L295	CLsat1	134.3	CLsat2	92.8	-41.5	UNIQUE_SEED_WITH_COMPETITOR	CLsat1
L296	CLsat1	134.3	CLsat2	98.2	-36.1	UNIQUE_SEED_WITH_COMPETITOR	CLsat1
L297	CLsat1	141.5	CLsat2	95.8	-45.7	UNIQUE_SEED_WITH_COMPETITOR	CLsat1
L298	CLsat1	136	CLsat2	90.6	-45.4	UNIQUE_SEED_WITH_COMPETITOR	CLsat1
L299	CLsat1	145.2	CLsat2	99.3	-45.9	UNIQUE_SEED_WITH_COMPETITOR	CLsat1
L300	CLsat1	143.8	CLsat2	103.3	-40.5	UNIQUE_SEED_WITH_COMPETITOR	CLsat1
L301	CLsat2	155	CLsat3	108.6	-46.4	UNIQUE_SEED_WITH_COMPETITOR	CLsat2
L302	CLsat2	152.6	CLsat3	105.6	-47	UNIQUE_SEED_WITH_COMPETITOR	CLsat2
L303	CLsat2	153	CLsat3	107.5	-45.5	UNIQUE_SEED_WITH_COMPETITOR	CLsat2
L304	CLsat1	145.2	CLsat2	101.2	-44	UNIQUE_SEED_WITH_COMPETITOR	CLsat1
L305	CLsat1	141.5	CLsat2	100.2	-41.3	UNIQUE_SEED_WITH_COMPETITOR	CLsat1
L306	CLsat1	150.7	CLsat2	102.4	-48.3	UNIQUE_SEED_WITH_COMPETITOR	CLsat1
L307	CLsat1	148.6	CLsat2	104.5	-44.1	UNIQUE_SEED_WITH_COMPETITOR	CLsat1
L308	CLsat1	142.1	CLsat2	102.7	-39.4	UNIQUE_SEED_WITH_COMPETITOR	CLsat1
L309	CLsat1	148.7	CLsat2	102.9	-45.8	UNIQUE_SEED_WITH_COMPETITOR	CLsat1
L310	CLsat1	145.9	CLsat2	102.6	-43.3	UNIQUE_SEED_WITH_COMPETITOR	CLsat1
L311	CLsat1	143.9	CLsat2	104.5	-39.4	UNIQUE_SEED_WITH_COMPETITOR	CLsat1
L312	CLsat1	147.1	CLsat2	102.2	-44.9	UNIQUE_SEED_WITH_COMPETITOR	CLsat1
L313	CLsat1	144.7	CLsat2	96.3	-48.4	UNIQUE_SEED_WITH_COMPETITOR	CLsat1
L314.1	CLsat1	146.6	CLsat2	101.1	45.5	SEGMENT_RESOLVED	CLsat2
L314.2	CLsat2	154.6	CLsat1	137.8	16.8	SEGMENT_RESOLVED	CLsat2
L315.1	CLsat2	143.4	CLsat3	102	41.4	SEGMENT_RESOLVED	CLsat1,CLsat2
L315.2	CLsat1	140.7	CLsat2	126.4	14.3	SEGMENT_RESOLVED_AMBIGUOUS	CLsat1,CLsat2
L316	CLsat1	145.4	CLsat2	97.3	-48.1	UNIQUE_SEED_WITH_COMPETITOR	CLsat1
L317	CLsat1	145.6	CLsat2	100.7	-44.9	UNIQUE_SEED_WITH_COMPETITOR	CLsat1
L318.1	CLsat1	147.1	CLsat2	100.6	46.5	SEGMENT_RESOLVED	CLsat1,CLsat2
L318.2	CLsat2	152.4	CLsat1	135.8	16.6	SEGMENT_RESOLVED	CLsat1,CLsat2
L319	CLsat2	159.7	CLsat3	106.9	-52.8	UNIQUE_SEED_WITH_COMPETITOR	CLsat2
L320	CLsat3	137.8	CLsat1	146	8.2	UNIQUE_SEED_WITH_COMPETITOR	CLsat3
L321	CLsat1	147.7	CLsat2	102.2	-45.5	UNIQUE_SEED_WITH_COMPETITOR	CLsat1
L322	CLsat1	140.2	CLsat3	121.8	-18.4	UNIQUE_SEED_WITH_COMPETITOR	CLsat1
L323	CLsat2	144.3	CLsat3	99.5	-44.8	UNIQUE_SEED_WITH_COMPETITOR	CLsat2
L324	CLsat2	137.3	CLsat3	96.8	-40.5	UNIQUE_SEED_WITH_COMPETITOR	CLsat2
L325	CLsat2	142	CLsat3	101.1	-40.9	UNIQUE_SEED_WITH_COMPETITOR	CLsat2
L326	CLsat1	141.2	CLsat2	100	-41.2	UNIQUE_SEED_WITH_COMPETITOR	CLsat1
L327	CLsat2	143.4	CLsat3	100.4	-43	UNIQUE_SEED_WITH_COMPETITOR	CLsat2
L328	CLsat2	141.5	CLsat1	102.7	-38.8	UNIQUE_SEED_WITH_COMPETITOR	CLsat2
L329.1	CLsat2	140.3	CLsat1	95.4	44.9	SEGMENT_RESOLVED	CLsat1,CLsat2
L329.2	CLsat1	145.7	CLsat2	134.6	11.1	SEGMENT_RESOLVED_AMBIGUOUS	CLsat1,CLsat2
L330	CLsat1	142.8	CLsat2	100.1	-42.7	UNIQUE_SEED_WITH_COMPETITOR	CLsat1
L331.1	CLsat2	137	CLsat1	133.5	3.5	SEGMENT_RESOLVED_AMBIGUOUS	CLsat1,CLsat2
L331.2	CLsat1	143	CLsat3	118.7	24.3	SEGMENT_RESOLVED	CLsat1,CLsat2
L332.1	CLsat1	144.2	CLsat4	117.1	27.1	SEGMENT_RESOLVED	CLsat1,CLsat2
L332.2	CLsat2	155	CLsat1	139.6	15.4	SEGMENT_RESOLVED	CLsat1,CLsat2
L333	CLsat1	150.2	CLsat2	103	-47.2	UNIQUE_SEED_WITH_COMPETITOR	CLsat1
L334	CLsat1	146.2	CLsat2	100.4	-45.8	UNIQUE_SEED_WITH_COMPETITOR	CLsat1
L335	CLsat1	142.8	CLsat2	102.1	-40.7	UNIQUE_SEED_WITH_COMPETITOR	CLsat1
L336	CLsat1	144.3	CLsat2	105.4	-38.9	UNIQUE_SEED_WITH_COMPETITOR	CLsat1
L337	CLsat2	145.8	CLsat3	101	-44.8	UNIQUE_SEED_WITH_COMPETITOR	CLsat2
L338	CLsat3	134.3	CLsat2	100.8	-33.5	UNIQUE_SEED_WITH_COMPETITOR	CLsat3
L339.1	CLsat1	144.4	CLsat2	96	48.4	SEGMENT_RESOLVED	CLsat1,CLsat2
L339.2	CLsat2	142.7	CLsat1	134.5	8.2	SEGMENT_RESOLVED_AMBIGUOUS	CLsat1,CLsat2
L340	CLsat2	143.6	CLsat3	100.6	-43	UNIQUE_SEED_WITH_COMPETITOR	CLsat2
L341	CLsat2	144.8	CLsat3	100.9	-43.9	UNIQUE_SEED_WITH_COMPETITOR	CLsat2
L342	CLsat2	151.9	CLsat3	103.6	-48.3	UNIQUE_SEED_WITH_COMPETITOR	CLsat2
L343	CLsat2	153.1	CLsat3	106.9	-46.2	UNIQUE_SEED_WITH_COMPETITOR	CLsat2
L344	CLsat2	155.1	CLsat1	105.3	-49.8	UNIQUE_SEED_WITH_COMPETITOR	CLsat2
L345	CLsat2	153.4	CLsat3	106.7	-46.7	UNIQUE_SEED_WITH_COMPETITOR	CLsat2
L346.1	CLsat1	150.2	CLsat2	100.2	50	SEGMENT_RESOLVED	CLsat2
L346.2	CLsat2	155.2	CLsat1	139.5	15.7	SEGMENT_RESOLVED	CLsat2
L347	CLsat1	144.2	CLsat2	138	6.2	SEED_CONFLICT_RESOLVED_AMBIGUOUS	CLsat1,CLsat2
L348	CLsat1	142.6	CLsat2	100.5	-42.1	UNIQUE_SEED_WITH_COMPETITOR	CLsat1
L349	CLsat2	154.2	CLsat3	105.8	-48.4	UNIQUE_SEED_WITH_COMPETITOR	CLsat2
L350	CLsat2	156	CLsat1	104.8	-51.2	UNIQUE_SEED_WITH_COMPETITOR	CLsat2
L351	CLsat2	160.5	CLsat1	106.5	-54	UNIQUE_SEED_WITH_COMPETITOR	CLsat2
L352	CLsat2	155.5	CLsat3	109.1	-46.4	UNIQUE_SEED_WITH_COMPETITOR	CLsat2
L353	CLsat2	153.8	CLsat3	107.4	-46.4	UNIQUE_SEED_WITH_COMPETITOR	CLsat2
L354	CLsat2	161.5	CLsat3	105.6	-55.9	UNIQUE_SEED_WITH_COMPETITOR	CLsat2
L355	CLsat2	158	CLsat1	105.2	-52.8	UNIQUE_SEED_WITH_COMPETITOR	CLsat2
L356	CLsat2	158.5	CLsat1	106.6	-51.9	UNIQUE_SEED_WITH_COMPETITOR	CLsat2
L357	CLsat2	154	CLsat1	110	-44	UNIQUE_SEED_WITH_COMPETITOR	CLsat2
L358	CLsat2	152.9	CLsat3	107.4	-45.5	UNIQUE_SEED_WITH_COMPETITOR	CLsat2
L359	CLsat2	155	CLsat3	109.6	-45.4	UNIQUE_SEED_WITH_COMPETITOR	CLsat2
L360	CLsat2	158.5	CLsat1	107	-51.5	UNIQUE_SEED_WITH_COMPETITOR	CLsat2
L361	CLsat2	144.3	CLsat1	99.4	-44.9	UNIQUE_SEED_WITH_COMPETITOR	CLsat2
L362	CLsat2	140	CLsat3	97.2	-42.8	UNIQUE_SEED_WITH_COMPETITOR	CLsat2
L363	CLsat2	139.4	CLsat3	98.1	-41.3	UNIQUE_SEED_WITH_COMPETITOR	CLsat2
L364	CLsat2	142.1	CLsat3	101	-41.1	UNIQUE_SEED_WITH_COMPETITOR	CLsat2
L365.1	CLsat2	137.2	CLsat1	132.5	4.7	SEGMENT_RESOLVED_AMBIGUOUS	CLsat1
L365.2	CLsat1	139	CLsat2	97.8	41.2	SEGMENT_RESOLVED	CLsat1
L366	CLsat2	146.2	CLsat3	101.7	-44.5	UNIQUE_SEED_WITH_COMPETITOR	CLsat2
L367	CLsat2	143.4	CLsat3	102.8	-40.6	UNIQUE_SEED_WITH_COMPETITOR	CLsat2
L368	CLsat2	155	CLsat1	105.4	-49.6	UNIQUE_SEED_WITH_COMPETITOR	CLsat2
L369.2	CLsat2	145.2	CLsat1	129.4	15.8	SEGMENT_RESOLVED	CLsat2
L370	CLsat2	141.1	CLsat1	141.1	0	UNIQUE_SEED_WITH_COMPETITOR	CLsat2
L371	CLsat2	142.4	CLsat3	104.9	-37.5	UNIQUE_SEED_WITH_COMPETITOR	CLsat2
L372	CLsat2	133.7	CLsat3	97	-36.7	UNIQUE_SEED_WITH_COMPETITOR	CLsat2
L373	CLsat2	152.6	CLsat1	104.3	-48.3	UNIQUE_SEED_WITH_COMPETITOR	CLsat2
L374	CLsat2	148.4	CLsat1	140.7	-7.7	UNIQUE_SEED_WITH_COMPETITOR	CLsat2
L375	CLsat2	137.1	CLsat3	98.7	-38.4	UNIQUE_SEED_WITH_COMPETITOR	CLsat2
L376	CLsat2	153.3	CLsat1	103.6	-49.7	UNIQUE_SEED_WITH_COMPETITOR	CLsat2
L377	CLsat2	149.8	CLsat1	103.7	-46.1	UNIQUE_SEED_WITH_COMPETITOR	CLsat2
L378	CLsat2	152.3	CLsat1	104.5	-47.8	UNIQUE_SEED_WITH_COMPETITOR	CLsat2
L379	CLsat2	141	CLsat3	102	-39	UNIQUE_SEED_WITH_COMPETITOR	CLsat2
L380	CLsat2	139	CLsat3	96.5	-42.5	UNIQUE_SEED_WITH_COMPETITOR	CLsat2
L381	CLsat2	148.9	CLsat3	101.6	-47.3	UNIQUE_SEED_WITH_COMPETITOR	CLsat2
L382	CLsat2	156.1	CLsat3	106.6	-49.5	UNIQUE_SEED_WITH_COMPETITOR	CLsat2
L383	CLsat2	161.6	CLsat1	104.8	-56.8	UNIQUE_SEED_WITH_COMPETITOR	CLsat2
L384	CLsat2	157.7	CLsat1	107.2	-50.5	UNIQUE_SEED_WITH_COMPETITOR	CLsat2
L385	CLsat2	159.6	CLsat3	105.8	-53.8	UNIQUE_SEED_WITH_COMPETITOR	CLsat2
L386.1	CLsat1	139.9	CLsat4	121	18.9	SEGMENT_RESOLVED	CLsat1,CLsat2
L386.2	CLsat2	155.8	CLsat1	139.8	16	SEGMENT_RESOLVED	CLsat1,CLsat2
L387.2	CLsat1	144.8	CLsat2	98.9	45.9	SEGMENT_RESOLVED	CLsat1
L388	CLsat1	144.7	CLsat2	98.3	-46.4	UNIQUE_SEED_WITH_COMPETITOR	CLsat1
L389	CLsat2	160.1	CLsat1	107.8	-52.3	UNIQUE_SEED_WITH_COMPETITOR	CLsat2
L390	CLsat1	141.7	CLsat2	103.3	-38.4	UNIQUE_SEED_WITH_COMPETITOR	CLsat1
L391	CLsat2	142.5	CLsat3	99.9	-42.6	UNIQUE_SEED_WITH_COMPETITOR	CLsat2
L392	CLsat2	155.9	CLsat1	107.9	-48	UNIQUE_SEED_WITH_COMPETITOR	CLsat2
L393.1	CLsat1	145.2	CLsat4	119.1	26.1	SEGMENT_RESOLVED	CLsat2
L393.2	CLsat2	148.7	CLsat1	134.7	14	SEGMENT_RESOLVED_AMBIGUOUS	CLsat2
L394.1	CLsat1	150.8	CLsat2	105.6	45.2	SEGMENT_RESOLVED	CLsat1,CLsat2
L394.2	CLsat2	155.4	CLsat1	143.2	12.2	SEGMENT_RESOLVED_AMBIGUOUS	CLsat1,CLsat2
L395	CLsat2	151.5	CLsat1	108	-43.5	UNIQUE_SEED_WITH_COMPETITOR	CLsat2
L396	CLsat2	160.7	CLsat1	107.7	-53	UNIQUE_SEED_WITH_COMPETITOR	CLsat2
L397	CLsat1	147.9	CLsat2	102.9	-45	UNIQUE_SEED_WITH_COMPETITOR	CLsat1
L398	CLsat1	146.9	CLsat2	103.4	-43.5	UNIQUE_SEED_WITH_COMPETITOR	CLsat1
L399	CLsat2	147.2	CLsat3	105.5	-41.7	UNIQUE_SEED_WITH_COMPETITOR	CLsat2
L400	CLsat2	156.5	CLsat3	106.8	-49.7	UNIQUE_SEED_WITH_COMPETITOR	CLsat2
L401	CLsat2	157.4	CLsat3	107.4	-50	UNIQUE_SEED_WITH_COMPETITOR	CLsat2
L402	CLsat2	147.1	CLsat3	102.6	-44.5	UNIQUE_SEED_WITH_COMPETITOR	CLsat2
L403	CLsat2	143.6	CLsat3	99.7	-43.9	UNIQUE_SEED_WITH_COMPETITOR	CLsat2
L404.2	CLsat2	151.6	CLsat1	136.5	15.1	SEGMENT_RESOLVED	CLsat1,CLsat2
L405	CLsat2	159.1	CLsat1	140.6	18.5	SEED_CONFLICT_RESOLVED	CLsat1,CLsat2
L406	CLsat2	145.1	CLsat3	101.5	-43.6	UNIQUE_SEED_WITH_COMPETITOR	CLsat2
L407	CLsat2	141.8	CLsat3	105.7	-36.1	UNIQUE_SEED_WITH_COMPETITOR	CLsat2
L408	CLsat2	144.3	CLsat3	100.7	-43.6	UNIQUE_SEED_WITH_COMPETITOR	CLsat2
L409	CLsat1	148.9	CLsat2	104.2	-44.7	UNIQUE_SEED_WITH_COMPETITOR	CLsat1
L410	CLsat2	159.2	CLsat1	109.6	-49.6	UNIQUE_SEED_WITH_COMPETITOR	CLsat2
L411.1	CLsat1	147	CLsat2	104.9	42.1	SEGMENT_RESOLVED	CLsat1
L411.2	CLsat2	156	CLsat1	147	9	SEGMENT_RESOLVED_AMBIGUOUS	CLsat1
L412	CLsat2	141.4	CLsat1	99.6	-41.8	UNIQUE_SEED_WITH_COMPETITOR	CLsat2
L413	CLsat2	143.1	CLsat3	100.3	-42.8	UNIQUE_SEED_WITH_COMPETITOR	CLsat2
L414	CLsat1	141	CLsat2	105.3	-35.7	UNIQUE_SEED_WITH_COMPETITOR	CLsat1
L415	CLsat1	142	CLsat2	96.8	-45.2	UNIQUE_SEED_WITH_COMPETITOR	CLsat1
L416	CLsat1	141	CLsat2	99.8	-41.2	UNIQUE_SEED_WITH_COMPETITOR	CLsat1
L417	CLsat1	136.8	CLsat2	95.9	-40.9	UNIQUE_SEED_WITH_COMPETITOR	CLsat1
L418	CLsat1	137.4	CLsat2	98.3	-39.1	UNIQUE_SEED_WITH_COMPETITOR	CLsat1
L419	CLsat1	141.6	CLsat2	97.1	-44.5	UNIQUE_SEED_WITH_COMPETITOR	CLsat1
L420	CLsat1	141.1	CLsat2	94.2	-46.9	UNIQUE_SEED_WITH_COMPETITOR	CLsat1
L421	CLsat1	160.4	CLsat2	106.7	-53.7	UNIQUE_SEED_WITH_COMPETITOR	CLsat1
L422.2	CLsat4	118.1	CLsat1	107.5	10.6	SEGMENT_RESOLVED_AMBIGUOUS	CLsat4
L423.1	CLsat4	124.6	CLsat1	81.5	43.1	SEGMENT_RESOLVED	CLsat1,CLsat4
L423.2	CLsat1	154.6	CLsat4	120.1	34.5	SEGMENT_RESOLVED	CLsat1,CLsat4
L424.2	CLsat1	154.9	CLsat3	147.4	7.5	SEGMENT_RESOLVED_AMBIGUOUS	CLsat1
L425	CLsat3	102.4	CLsat1	133.4	31	UNIQUE_SEED_CONTRADICTION	CLsat3
L426	CLsat1	137.1	CLsat2	95	-42.1	UNIQUE_SEED_WITH_COMPETITOR	CLsat1
L427	CLsat1	134.1	CLsat2	86.6	-47.5	UNIQUE_SEED_WITH_COMPETITOR	CLsat1
L428	CLsat1	129.3	CLsat2	83.7	-45.6	UNIQUE_SEED_WITH_COMPETITOR	CLsat1
L429	CLsat1	143.4	CLsat2	90.1	-53.3	UNIQUE_SEED_WITH_COMPETITOR	CLsat1
L430	CLsat1	146.1	CLsat2	96.8	-49.3	UNIQUE_SEED_WITH_COMPETITOR	CLsat1
L431	CLsat1	139.2	CLsat2	90.7	-48.5	UNIQUE_SEED_WITH_COMPETITOR	CLsat1
L432	CLsat1	134.2	CLsat2	90	-44.2	UNIQUE_SEED_WITH_COMPETITOR	CLsat1
L433	CLsat1	143.1	CLsat2	92.5	-50.6	UNIQUE_SEED_WITH_COMPETITOR	CLsat1
L434	CLsat1	140.5	CLsat2	90	-50.5	UNIQUE_SEED_WITH_COMPETITOR	CLsat1
L435	CLsat1	140	CLsat2	92	-48	UNIQUE_SEED_WITH_COMPETITOR	CLsat1
L436	CLsat1	138.7	CLsat2	89.7	-49	UNIQUE_SEED_WITH_COMPETITOR	CLsat1
L437	CLsat1	147.1	CLsat2	96.2	-50.9	UNIQUE_SEED_WITH_COMPETITOR	CLsat1
L438	CLsat3	151	CLsat2	104.2	-46.8	UNIQUE_SEED_WITH_COMPETITOR	CLsat3
L439.2	CLsat1	165.9	CLsat3	138.1	27.8	SEGMENT_RESOLVED	CLsat1
L440	CLsat1	163.9	CLsat4	128.5	35.4	SEED_CONFLICT_RESOLVED	CLsat1,CLsat4
L441	CLsat1	157.9	CLsat2	108.2	-49.7	UNIQUE_SEED_WITH_COMPETITOR	CLsat1
L442	CLsat3	157.7	CLsat2	99.4	-58.3	UNIQUE_SEED_WITH_COMPETITOR	CLsat3
L443	CLsat3	170.1	CLsat1	154.4	-15.7	UNIQUE_SEED_WITH_COMPETITOR	CLsat3
L444	CLsat1	159.6	CLsat2	106	-53.6	UNIQUE_SEED_WITH_COMPETITOR	CLsat1
L445	CLsat1	150.9	CLsat3	95.5	-55.4	UNIQUE_SEED_WITH_COMPETITOR	CLsat1
L446	CLsat1	153.8	CLsat2	101.3	-52.5	UNIQUE_SEED_WITH_COMPETITOR	CLsat1
L447	CLsat1	160.3	CLsat2	109.7	-50.6	UNIQUE_SEED_WITH_COMPETITOR	CLsat1
L448	CLsat1	140.5	CLsat2	90.2	-50.3	UNIQUE_SEED_WITH_COMPETITOR	CLsat1
L449	CLsat1	144.3	CLsat2	93.9	-50.4	UNIQUE_SEED_WITH_COMPETITOR	CLsat1
L450	CLsat1	152.7	CLsat2	96.2	-56.5	UNIQUE_SEED_WITH_COMPETITOR	CLsat1
L451	CLsat1	138.9	CLsat2	91.6	-47.3	UNIQUE_SEED_WITH_COMPETITOR	CLsat1
L452	CLsat1	146.4	CLsat2	96.7	-49.7	UNIQUE_SEED_WITH_COMPETITOR	CLsat1
L453	CLsat1	143.5	CLsat2	93	-50.5	UNIQUE_SEED_WITH_COMPETITOR	CLsat1
L454	CLsat1	150.9	CLsat2	97	-53.9	UNIQUE_SEED_WITH_COMPETITOR	CLsat1
L455	CLsat1	146.7	CLsat2	93.7	-53	UNIQUE_SEED_WITH_COMPETITOR	CLsat1
L456	CLsat1	153.3	CLsat2	99.4	-53.9	UNIQUE_SEED_WITH_COMPETITOR	CLsat1
L457	CLsat1	148.2	CLsat2	101.5	-46.7	UNIQUE_SEED_WITH_COMPETITOR	CLsat1
L458	CLsat1	159.4	CLsat2	106.2	-53.2	UNIQUE_SEED_WITH_COMPETITOR	CLsat1
L459.1	CLsat4	122.1	CLsat1	79.2	42.9	SEGMENT_RESOLVED	CLsat1,CLsat4
L459.2	CLsat1	150.1	CLsat4	126.5	23.6	SEGMENT_RESOLVED	CLsat1,CLsat4
L460	CLsat1	155.2	CLsat3	162.4	7.2	UNIQUE_SEED_WITH_COMPETITOR	CLsat1
L461	CLsat1	158.6	CLsat2	102.8	-55.8	UNIQUE_SEED_WITH_COMPETITOR	CLsat1
L462	CLsat1	144.3	CLsat2	93.5	-50.8	UNIQUE_SEED_WITH_COMPETITOR	CLsat1
L463	CLsat1	145	CLsat2	94.5	-50.5	UNIQUE_SEED_WITH_COMPETITOR	CLsat1
L464	CLsat1	156.9	CLsat4	126.8	30.1	SEED_CONFLICT_RESOLVED	CLsat1,CLsat4
L465	CLsat1	160.3	CLsat2	107.9	-52.4	UNIQUE_SEED_WITH_COMPETITOR	CLsat1
L466	CLsat1	135.9	CLsat2	96.8	-39.1	UNIQUE_SEED_WITH_COMPETITOR	CLsat1
L467	CLsat1	137.8	CLsat2	88.6	-49.2	UNIQUE_SEED_WITH_COMPETITOR	CLsat1
L468	CLsat1	140.6	CLsat2	91.6	-49	UNIQUE_SEED_WITH_COMPETITOR	CLsat1
L469	CLsat1	138.6	CLsat2	92	-46.6	UNIQUE_SEED_WITH_COMPETITOR	CLsat1
L470	CLsat1	138.2	CLsat2	89.7	-48.5	UNIQUE_SEED_WITH_COMPETITOR	CLsat1
L471	CLsat1	139.3	CLsat2	90.9	-48.4	UNIQUE_SEED_WITH_COMPETITOR	CLsat1
L472	CLsat1	145.4	CLsat2	90.8	-54.6	UNIQUE_SEED_WITH_COMPETITOR	CLsat1
L473.1	CLsat1	147.4	CLsat4	130.1	17.3	SEGMENT_RESOLVED	CLsat1,CLsat4
L473.2	CLsat1	153.3	CLsat4	125.4	27.9	SEGMENT_RESOLVED	CLsat1,CLsat4
L474	CLsat1	159.6	CLsat2	108.1	-51.5	UNIQUE_SEED_WITH_COMPETITOR	CLsat1
L475	CLsat1	150.7	CLsat2	99.7	-51	UNIQUE_SEED_WITH_COMPETITOR	CLsat1
L476	CLsat1	142.6	CLsat2	96.1	-46.5	UNIQUE_SEED_WITH_COMPETITOR	CLsat1
L477	CLsat1	159.8	CLsat2	105.3	-54.5	UNIQUE_SEED_WITH_COMPETITOR	CLsat1
L478	CLsat1	144.6	CLsat2	93.8	-50.8	UNIQUE_SEED_WITH_COMPETITOR	CLsat1
L479	CLsat1	148.3	CLsat2	93.8	-54.5	UNIQUE_SEED_WITH_COMPETITOR	CLsat1
L480	CLsat1	137.5	CLsat2	86.9	-50.6	UNIQUE_SEED_WITH_COMPETITOR	CLsat1
L481	CLsat1	141.6	CLsat2	92.1	-49.5	UNIQUE_SEED_WITH_COMPETITOR	CLsat1
L482	CLsat1	141.7	CLsat2	92	-49.7	UNIQUE_SEED_WITH_COMPETITOR	CLsat1
L483	CLsat1	144.8	CLsat2	92	-52.8	UNIQUE_SEED_WITH_COMPETITOR	CLsat1
L484	CLsat1	147.4	CLsat2	95.7	-51.7	UNIQUE_SEED_WITH_COMPETITOR	CLsat1
L485.1	CLsat4	125.4	CLsat1	82.9	42.5	SEGMENT_RESOLVED	CLsat1,CLsat4
L485.2	CLsat1	145.4	CLsat4	120.5	24.9	SEGMENT_RESOLVED	CLsat1,CLsat4
L486	CLsat1	150.5	CLsat2	98.7	-51.8	UNIQUE_SEED_WITH_COMPETITOR	CLsat1
L487	CLsat1	147	CLsat2	96.7	-50.3	UNIQUE_SEED_WITH_COMPETITOR	CLsat1
L488	CLsat1	163.9	CLsat2	104.6	-59.3	UNIQUE_SEED_WITH_COMPETITOR	CLsat1
L489	CLsat1	136.7	CLsat2	93.2	-43.5	UNIQUE_SEED_WITH_COMPETITOR	CLsat1
L490	CLsat1	140.1	CLsat2	92.7	-47.4	UNIQUE_SEED_WITH_COMPETITOR	CLsat1
L491	CLsat1	137.9	CLsat2	91	-46.9	UNIQUE_SEED_WITH_COMPETITOR	CLsat1
L492	CLsat1	152	CLsat2	98.7	-53.3	UNIQUE_SEED_WITH_COMPETITOR	CLsat1
L493	CLsat1	161.1	CLsat2	106	-55.1	UNIQUE_SEED_WITH_COMPETITOR	CLsat1
L494	CLsat1	147.5	CLsat2	95.1	-52.4	UNIQUE_SEED_WITH_COMPETITOR	CLsat1
L495	CLsat1	142.7	CLsat2	90.6	-52.1	UNIQUE_SEED_WITH_COMPETITOR	CLsat1
L496	CLsat1	139.7	CLsat2	89.5	-50.2	UNIQUE_SEED_WITH_COMPETITOR	CLsat1
L497	CLsat1	143.5	CLsat2	91.7	-51.8	UNIQUE_SEED_WITH_COMPETITOR	CLsat1
L498	CLsat1	137.6	CLsat2	89	-48.6	UNIQUE_SEED_WITH_COMPETITOR	CLsat1
L499	CLsat1	142.3	CLsat2	89.7	-52.6	UNIQUE_SEED_WITH_COMPETITOR	CLsat1
L500	CLsat1	141.2	CLsat2	92.8	-48.4	UNIQUE_SEED_WITH_COMPETITOR	CLsat1
L501	CLsat1	158.2	CLsat2	107.5	-50.7	UNIQUE_SEED_WITH_COMPETITOR	CLsat1
L502	CLsat1	157.6	CLsat2	105	-52.6	UNIQUE_SEED_WITH_COMPETITOR	CLsat1
L503	CLsat1	147.6	CLsat2	96.3	-51.3	UNIQUE_SEED_WITH_COMPETITOR	CLsat1
L504	CLsat1	159.3	CLsat2	105.8	-53.5	UNIQUE_SEED_WITH_COMPETITOR	CLsat1
L505	CLsat1	149.4	CLsat2	100.2	-49.2	UNIQUE_SEED_WITH_COMPETITOR	CLsat1
L506	CLsat1	159	CLsat4	127.8	31.2	SEED_CONFLICT_RESOLVED	CLsat1,CLsat4
L507	CLsat1	149.3	CLsat2	92.9	-56.4	UNIQUE_SEED_WITH_COMPETITOR	CLsat1
L508	CLsat1	145.3	CLsat2	96	-49.3	UNIQUE_SEED_WITH_COMPETITOR	CLsat1
L509	CLsat1	136.2	CLsat2	90.3	-45.9	UNIQUE_SEED_WITH_COMPETITOR	CLsat1
L510	CLsat1	152.6	CLsat2	101.4	-51.2	UNIQUE_SEED_WITH_COMPETITOR	CLsat1
L511	CLsat1	141.4	CLsat2	92.4	-49	UNIQUE_SEED_WITH_COMPETITOR	CLsat1
L512	CLsat1	140.6	CLsat2	90.5	-50.1	UNIQUE_SEED_WITH_COMPETITOR	CLsat1
L513	CLsat1	144.8	CLsat2	96	-48.8	UNIQUE_SEED_WITH_COMPETITOR	CLsat1
L514	CLsat1	158.7	CLsat2	106.4	-52.3	UNIQUE_SEED_WITH_COMPETITOR	CLsat1
L515	CLsat1	163.2	CLsat4	128.8	34.4	SEED_CONFLICT_RESOLVED	CLsat1,CLsat4
L516	CLsat1	150.9	CLsat2	104.6	-46.3	UNIQUE_SEED_WITH_COMPETITOR	CLsat1
L517	CLsat1	140.9	CLsat2	90.2	-50.7	UNIQUE_SEED_WITH_COMPETITOR	CLsat1
L518	CLsat1	140.1	CLsat2	92.2	-47.9	UNIQUE_SEED_WITH_COMPETITOR	CLsat1
L519	CLsat1	143.2	CLsat2	89.2	-54	UNIQUE_SEED_WITH_COMPETITOR	CLsat1
L520	CLsat1	137	CLsat2	91.4	-45.6	UNIQUE_SEED_WITH_COMPETITOR	CLsat1
L521	CLsat1	149.8	CLsat2	94.3	-55.5	UNIQUE_SEED_WITH_COMPETITOR	CLsat1
L522	CLsat1	159.9	CLsat2	107.1	-52.8	UNIQUE_SEED_WITH_COMPETITOR	CLsat1
L523	CLsat1	160.1	CLsat2	106.3	-53.8	UNIQUE_SEED_WITH_COMPETITOR	CLsat1
L524.1	CLsat1	166.3	CLsat2	108.1	58.2	SEGMENT_RESOLVED	CLsat1
L524.2	CLsat3	177.2	CLsat1	155.3	21.9	SEGMENT_RESOLVED	CLsat1
L525	CLsat4	126.3	CLsat1	81.7	-44.6	UNIQUE_SEED_WITH_COMPETITOR	CLsat4
L526	CLsat1	154.6	CLsat2	96.7	-57.9	UNIQUE_SEED_WITH_COMPETITOR	CLsat1
L527	CLsat1	138.8	CLsat2	91.1	-47.7	UNIQUE_SEED_WITH_COMPETITOR	CLsat1
L528	CLsat1	152.2	CLsat2	98.7	-53.5	UNIQUE_SEED_WITH_COMPETITOR	CLsat1
L529	CLsat1	152.4	CLsat4	129.8	22.6	SEED_CONFLICT_RESOLVED	CLsat1,CLsat4
L530	CLsat1	144.4	CLsat2	93.6	-50.8	UNIQUE_SEED_WITH_COMPETITOR	CLsat1
L531	CLsat1	144.3	CLsat2	93.5	-50.8	UNIQUE_SEED_WITH_COMPETITOR	CLsat1
L532	CLsat1	139.9	CLsat2	89.7	-50.2	UNIQUE_SEED_WITH_COMPETITOR	CLsat1
L533	CLsat1	127.2	CLsat2	91.2	-36	UNIQUE_SEED_WITH_COMPETITOR	CLsat1
L534	CLsat1	145.9	CLsat2	93	-52.9	UNIQUE_SEED_WITH_COMPETITOR	CLsat1
L535	CLsat1	144.3	CLsat2	93.4	-50.9	UNIQUE_SEED_WITH_COMPETITOR	CLsat1
L536	CLsat1	139.1	CLsat2	88.7	-50.4	UNIQUE_SEED_WITH_COMPETITOR	CLsat1
L537	CLsat1	147.3	CLsat2	99.4	-47.9	UNIQUE_SEED_WITH_COMPETITOR	CLsat1
L538	CLsat1	146.1	CLsat2	95.3	-50.8	UNIQUE_SEED_WITH_COMPETITOR	CLsat1
L539	CLsat1	144	CLsat2	95	-49	UNIQUE_SEED_WITH_COMPETITOR	CLsat1
L540	CLsat1	145.3	CLsat2	96.6	-48.7	UNIQUE_SEED_WITH_COMPETITOR	CLsat1
L541	CLsat1	152.8	CLsat2	98.6	-54.2	UNIQUE_SEED_WITH_COMPETITOR	CLsat1
L542	CLsat1	149.1	CLsat2	98.7	-50.4	UNIQUE_SEED_WITH_COMPETITOR	CLsat1
L543	CLsat1	153.5	CLsat2	99.4	-54.1	UNIQUE_SEED_WITH_COMPETITOR	CLsat1
L544	CLsat1	150.1	CLsat2	98.9	-51.2	UNIQUE_SEED_WITH_COMPETITOR	CLsat1
L545	CLsat1	163.2	CLsat2	106.1	-57.1	UNIQUE_SEED_WITH_COMPETITOR	CLsat1
L546	CLsat1	141.1	CLsat2	94	-47.1	UNIQUE_SEED_WITH_COMPETITOR	CLsat1
L547	CLsat1	144.3	CLsat2	94.7	-49.6	UNIQUE_SEED_WITH_COMPETITOR	CLsat1
L548	CLsat1	145.8	CLsat2	91.4	-54.4	UNIQUE_SEED_WITH_COMPETITOR	CLsat1
L549	CLsat1	140.3	CLsat2	93.1	-47.2	UNIQUE_SEED_WITH_COMPETITOR	CLsat1
L550	CLsat1	139.8	CLsat2	90.5	-49.3	UNIQUE_SEED_WITH_COMPETITOR	CLsat1
L551	CLsat1	138.1	CLsat2	90.2	-47.9	UNIQUE_SEED_WITH_COMPETITOR	CLsat1
L552	CLsat1	158.6	CLsat2	102.7	-55.9	UNIQUE_SEED_WITH_COMPETITOR	CLsat1
L553	CLsat1	153.7	CLsat2	97.8	-55.9	UNIQUE_SEED_WITH_COMPETITOR	CLsat1
L554	CLsat1	161	CLsat2	105.9	-55.1	UNIQUE_SEED_WITH_COMPETITOR	CLsat1
L555	CLsat1	148.3	CLsat2	95.6	-52.7	UNIQUE_SEED_WITH_COMPETITOR	CLsat1
L556	CLsat1	145	CLsat2	95.2	-49.8	UNIQUE_SEED_WITH_COMPETITOR	CLsat1
L557	CLsat1	159.8	CLsat2	105.8	-54	UNIQUE_SEED_WITH_COMPETITOR	CLsat1
L558	CLsat1	151.6	CLsat2	102.9	-48.7	UNIQUE_SEED_WITH_COMPETITOR	CLsat1
L559	CLsat1	137.5	CLsat2	92.7	-44.8	UNIQUE_SEED_WITH_COMPETITOR	CLsat1
L560.1	CLsat4	123.7	CLsat1	82.4	41.3	SEGMENT_RESOLVED	CLsat1,CLsat4
L560.2	CLsat1	151.9	CLsat4	125.1	26.8	SEGMENT_RESOLVED	CLsat1,CLsat4
L561	CLsat1	152.6	CLsat2	101.1	-51.5	UNIQUE_SEED_WITH_COMPETITOR	CLsat1
L562	CLsat1	143.7	CLsat2	90.9	-52.8	UNIQUE_SEED_WITH_COMPETITOR	CLsat1
L563	CLsat1	160.7	CLsat4	126.9	33.8	SEED_CONFLICT_RESOLVED	CLsat1,CLsat4
L564	CLsat1	144.8	CLsat2	92.8	-52	UNIQUE_SEED_WITH_COMPETITOR	CLsat1
L565	CLsat1	147.4	CLsat2	94.7	-52.7	UNIQUE_SEED_WITH_COMPETITOR	CLsat1
L566	CLsat1	156.8	CLsat3	131.2	25.6	SEED_CONFLICT_RESOLVED	CLsat1,CLsat3
L567	CLsat1	143.2	CLsat2	91.5	-51.7	UNIQUE_SEED_WITH_COMPETITOR	CLsat1
L568	CLsat1	150.9	CLsat2	98.2	-52.7	UNIQUE_SEED_WITH_COMPETITOR	CLsat1
L569	CLsat1	150	CLsat2	98.8	-51.2	UNIQUE_SEED_WITH_COMPETITOR	CLsat1
L570	CLsat1	145.3	CLsat2	93.2	-52.1	UNIQUE_SEED_WITH_COMPETITOR	CLsat1
L571	CLsat1	160	CLsat2	105.8	-54.2	UNIQUE_SEED_WITH_COMPETITOR	CLsat1
L572	CLsat1	147.4	CLsat2	97.4	-50	UNIQUE_SEED_WITH_COMPETITOR	CLsat1
L573	CLsat1	156.1	CLsat2	104	-52.1	UNIQUE_SEED_WITH_COMPETITOR	CLsat1
L574	CLsat1	157.4	CLsat2	106.4	-51	UNIQUE_SEED_WITH_COMPETITOR	CLsat1
L575	CLsat1	150	CLsat2	102.4	-47.6	UNIQUE_SEED_WITH_COMPETITOR	CLsat1
L576	CLsat1	157.2	CLsat4	134.7	22.5	SEED_CONFLICT_RESOLVED	CLsat1,CLsat4
L577	CLsat1	161.9	CLsat2	110.9	-51	UNIQUE_SEED_WITH_COMPETITOR	CLsat1
L578	CLsat1	141.7	CLsat2	94.5	-47.2	UNIQUE_SEED_WITH_COMPETITOR	CLsat1
L579	CLsat1	145.1	CLsat2	95.5	-49.6	UNIQUE_SEED_WITH_COMPETITOR	CLsat1
L580	CLsat1	150.9	CLsat2	101.8	-49.1	UNIQUE_SEED_WITH_COMPETITOR	CLsat1
L581	CLsat1	146.4	CLsat2	95.8	-50.6	UNIQUE_SEED_WITH_COMPETITOR	CLsat1
L582	CLsat1	143.1	CLsat2	95.1	-48	UNIQUE_SEED_WITH_COMPETITOR	CLsat1
L583	CLsat1	151.5	CLsat2	96	-55.5	UNIQUE_SEED_WITH_COMPETITOR	CLsat1
L584	CLsat1	146.1	CLsat2	96	-50.1	UNIQUE_SEED_WITH_COMPETITOR	CLsat1
L585	CLsat1	142.8	CLsat2	93.9	-48.9	UNIQUE_SEED_WITH_COMPETITOR	CLsat1
L586	CLsat1	147.7	CLsat2	87.2	-60.5	UNIQUE_SEED_WITH_COMPETITOR	CLsat1
L587	CLsat1	137	CLsat2	89	-48	UNIQUE_SEED_WITH_COMPETITOR	CLsat1
L588	CLsat1	146.3	CLsat2	96.9	-49.4	UNIQUE_SEED_WITH_COMPETITOR	CLsat1
L589	CLsat1	160.8	CLsat2	110	-50.8	UNIQUE_SEED_WITH_COMPETITOR	CLsat1
L590	CLsat1	142.5	CLsat2	91.2	-51.3	UNIQUE_SEED_WITH_COMPETITOR	CLsat1
L591	CLsat1	147.8	CLsat2	95.8	-52	UNIQUE_SEED_WITH_COMPETITOR	CLsat1
L592	CLsat1	143	CLsat2	90.9	-52.1	UNIQUE_SEED_WITH_COMPETITOR	CLsat1
L593	CLsat1	142	CLsat2	90.9	-51.1	UNIQUE_SEED_WITH_COMPETITOR	CLsat1
L594	CLsat1	139.1	CLsat2	87.2	-51.9	UNIQUE_SEED_WITH_COMPETITOR	CLsat1
L595	CLsat1	138.1	CLsat2	87.3	-50.8	UNIQUE_SEED_WITH_COMPETITOR	CLsat1
L596	CLsat1	141.4	CLsat2	90.7	-50.7	UNIQUE_SEED_WITH_COMPETITOR	CLsat1
L597	CLsat1	142.7	CLsat2	89.9	-52.8	UNIQUE_SEED_WITH_COMPETITOR	CLsat1
L598	CLsat1	145.9	CLsat2	96.3	-49.6	UNIQUE_SEED_WITH_COMPETITOR	CLsat1
L599	CLsat1	154.8	CLsat2	102.1	-52.7	UNIQUE_SEED_WITH_COMPETITOR	CLsat1
L600	CLsat1	160.2	CLsat2	101.8	-58.4	UNIQUE_SEED_WITH_COMPETITOR	CLsat1
L601	CLsat1	160.7	CLsat2	105.6	-55.1	UNIQUE_SEED_WITH_COMPETITOR	CLsat1
L602	CLsat1	157.4	CLsat2	101.9	-55.5	UNIQUE_SEED_WITH_COMPETITOR	CLsat1
L603	CLsat1	149.9	CLsat2	102.2	-47.7	UNIQUE_SEED_WITH_COMPETITOR	CLsat1
L604	CLsat1	142.2	CLsat2	90.5	-51.7	UNIQUE_SEED_WITH_COMPETITOR	CLsat1
L605	CLsat1	140	CLsat2	92.9	-47.1	UNIQUE_SEED_WITH_COMPETITOR	CLsat1
L606	CLsat1	159.9	CLsat2	105.7	-54.2	UNIQUE_SEED_WITH_COMPETITOR	CLsat1
L607	CLsat1	148.3	CLsat2	95.1	-53.2	UNIQUE_SEED_WITH_COMPETITOR	CLsat1
L608	CLsat1	139.4	CLsat2	88.9	-50.5	UNIQUE_SEED_WITH_COMPETITOR	CLsat1
L609	CLsat1	158.5	CLsat2	105	-53.5	UNIQUE_SEED_WITH_COMPETITOR	CLsat1
L610	CLsat1	149.7	CLsat2	99.3	-50.4	UNIQUE_SEED_WITH_COMPETITOR	CLsat1
L611	CLsat1	145.9	CLsat2	95.8	-50.1	UNIQUE_SEED_WITH_COMPETITOR	CLsat1
L612	CLsat1	137.7	CLsat2	86.5	-51.2	UNIQUE_SEED_WITH_COMPETITOR	CLsat1
L613	CLsat1	157.5	CLsat2	105.3	-52.2	UNIQUE_SEED_WITH_COMPETITOR	CLsat1
L614	CLsat1	140	CLsat2	91.6	-48.4	UNIQUE_SEED_WITH_COMPETITOR	CLsat1
L615	CLsat1	134.9	CLsat2	90	-44.9	UNIQUE_SEED_WITH_COMPETITOR	CLsat1
L616	CLsat1	156.6	CLsat2	109.3	-47.3	UNIQUE_SEED_WITH_COMPETITOR	CLsat1
L617	CLsat1	141.6	CLsat2	90.2	-51.4	UNIQUE_SEED_WITH_COMPETITOR	CLsat1
L618	CLsat1	146.2	CLsat2	96.7	-49.5	UNIQUE_SEED_WITH_COMPETITOR	CLsat1
L619	CLsat1	147.7	CLsat2	95.5	-52.2	UNIQUE_SEED_WITH_COMPETITOR	CLsat1
L620	CLsat1	137.1	CLsat2	87.8	-49.3	UNIQUE_SEED_WITH_COMPETITOR	CLsat1
L621	CLsat1	134.6	CLsat2	87.1	-47.5	UNIQUE_SEED_WITH_COMPETITOR	CLsat1
L622	CLsat1	144.8	CLsat2	89.4	-55.4	UNIQUE_SEED_WITH_COMPETITOR	CLsat1
L623	CLsat1	138.7	CLsat2	90.9	-47.8	UNIQUE_SEED_WITH_COMPETITOR	CLsat1
L624	CLsat1	144.8	CLsat2	91.7	-53.1	UNIQUE_SEED_WITH_COMPETITOR	CLsat1
