JAWDKN010000003.1	85832912
JAWDKN010000019.1	11126488
JAWDKN010000039.1	6922104
JAWDKN010000047.1	2068744
JAWDKN010000053.1	21697076
JAWDKN010000057.1	13105397
JAWDKN010000065.1	1405384
JAWDKN010000070.1	23112228
JAWDKN010000083.1	1163491
JAWDKN010000089.1	6618721
JAWDKN010000110.1	2877117
JAWDKN010000111.1	1854318
JAWDKN010000112.1	348545
JAWDKN010000113.1	1458643
JAWDKN010000129.1	424519
JAWDKN010000138.1	3379646
JAWDKN010000154.1	1239127
JAWDKN010000157.1	2126087
JAWDKN010000158.1	1642366
JAWDKN010000162.1	675829
JAWDKN010000163.1	3031333
JAWDKN010000164.1	306732
JAWDKN010000165.1	777399
JAWDKN010000171.1	829327
JAWDKN010000174.1	353069
JAWDKN010000176.1	136195
JAWDKN010000182.1	670088
JAWDKN010000188.1	836981
JAWDKN010000189.1	216934
JAWDKN010000193.1	284085
JAWDKN010000197.1	79092
JAWDKN010000207.1	84471
JAWDKN010000210.1	813215
JAWDKN010000213.1	39093
JAWDKN010000217.1	69925
JAWDKN010000225.1	343036
JAWDKN010000226.1	384684
JAWDKN010000229.1	729628
JAWDKN010000233.1	315581
JAWDKN010000237.1	131229
JAWDKN010000238.1	173659
JAWDKN010000242.1	248937
JAWDKN010000243.1	109000
JAWDKN010000247.1	348423
JAWDKN010000249.1	106378
JAWDKN010000250.1	594227
JAWDKN010000253.1	246921
JAWDKN010000254.1	482576
JAWDKN010000261.1	116455
JAWDKN010000265.1	106041
JAWDKN010000281.1	97317
JAWDKN010000311.1	42780
JAWDKN010000320.1	61079
JAWDKN010000329.1	47715
JAWDKN010000330.1	22754
JAWDKN010000334.1	16433
JAWDKN010000335.1	18005
JAWDKN010000347.1	20707
JAWDKO010000003.1	30825624
JAWDKO010000013.1	23357692
JAWDKO010000015.1	24013737
JAWDKO010000017.1	8955136
JAWDKO010000018.1	46029692
JAWDKO010000021.1	41455941
JAWDKO010000022.1	11119747
JAWDKO010000037.1	24675117
JAWDKO010000038.1	13125024
JAWDKO010000039.1	41678545
JAWDKO010000042.1	5648066
JAWDKO010000049.1	50108601
JAWDKO010000054.1	19139147
JAWDKO010000055.1	13281429
JAWDKO010000060.1	11071606
JAWDKO010000073.1	15374658
JAWDKO010000075.1	1093784
JAWDKO010000091.1	951204
JAWDKO010000097.1	1169927
JAWDKO010000100.1	595766
JAWDKO010000103.1	155563
JAWDKO010000107.1	611515
JAWDKO010000110.1	427218
JAWDKO010000111.1	84035
JAWDKO010000135.1	47681
JAWWNF010000019.1	7384786
JAWWNF010000057.1	866135
JAWWNF010000118.1	1366035
JAWWNF010000123.1	2979378
JAWWNF010000130.1	9481939
JAWWNF010000156.1	65459
JAWWNF010000210.1	3117985
JAWWNF010000238.1	2139740
JAWWNF010000280.1	2469665
JAWWNF010000287.1	3832107
JAWWNF010000300.1	403058
JAWWNF010000329.1	2476679
JAWWNF010000344.1	267805
JAWWNF010000361.1	135158
JAWWNF010000392.1	190546
JAWWNF010000407.1	273954
JAWWNF010000417.1	1665468
JAWWNF010000515.1	353511
JAWWNF010000543.1	79008
JAWWNF010000567.1	2736551
JAWWNF010000587.1	389767
JAWWNF010000731.1	741063
JAWWNF010000763.1	653976
JAWWNF010000818.1	315975
JAWWNF010000822.1	610104
JAWWNF010000833.1	309247
JAWWNF010000837.1	1007081
JAWWNF010000838.1	933353
JAWWNF010000888.1	234726
JAWWNF010000892.1	135329
JAWWNF010000909.1	197986
JAWWNF010000914.1	294214
JAWWNF010000935.1	85106
JAWWNF010000975.1	71073
JAWWNF010000976.1	39662
JAWWNF010000987.1	237853
JAWWNF010001024.1	175749
JAWWNF010001046.1	142109
JAWWNF010001053.1	291600
JAWWNF010001071.1	150634
JAWWNF010001078.1	85234
JAWWNF010001094.1	276284
JAWWNF010001120.1	158747
JAWWNF010001129.1	212163
JAWWNF010001191.1	65040
JAWWNF010001193.1	68832
JAWWNF010001215.1	107331
JAWWNF010001216.1	80448
JAWWNF010001237.1	81769
JAWWNF010001284.1	48748
JAWWNF010001302.1	68066
JAWWNF010001318.1	40395
JAWWNF010001373.1	67424
JAWWNF010001390.1	31013
JAWWNF010001399.1	67755
JAWWNF010001439.1	35297
JAWWNF010001497.1	34652
JAWWNG010000030.1	2981448
JAWWNG010000038.1	10633106
JAWWNG010000098.1	3059662
JAWWNG010000110.1	4358432
JAWWNG010000172.1	1174143
JAWWNG010000197.1	1534723
JAWWNG010000357.1	3569371
JAWWNG010000434.1	5738988
JAWWNG010000462.1	247164
JAWWNG010000476.1	1330264
JAWWNG010000495.1	6616867
JAWWNG010000503.1	645274
JAWWNG010000555.1	821310
JAWWNG010000565.1	1385380
JAWWNG010000576.1	928665
JAWWNG010000597.1	1660931
JAWWNG010000636.1	578900
JAWWNG010000681.1	326491
JAWWNG010000791.1	327319
JAWWNG010000869.1	478509
JAWWNG010001386.1	127409
JAWWNG010001457.1	131841
JAWWNG010001461.1	59861
JAWWNG010001578.1	341338
JAWWNG010001601.1	549076
JAWWNG010001833.1	316374
JAWWNG010001922.1	884083
JAWWNG010002067.1	490900
JAWWNG010002103.1	300095
JAWWNG010002140.1	393084
JAWWNG010002315.1	40203
JAWWNG010002560.1	103403
JAWWNG010002896.1	305388
JAWWNG010003007.1	183179
JAWWNG010003114.1	94891
JAWWNG010003266.1	47360
JAWWNH010000002.1	3520523
JAWWNH010000037.1	1248156
JAWWNH010000040.1	3025413
JAWWNH010000067.1	7729019
JAWWNH010000068.1	3943203
JAWWNH010000083.1	2386252
JAWWNH010000104.1	5299861
JAWWNH010000108.1	11997630
JAWWNH010000118.1	4198347
JAWWNH010000130.1	4728094
JAWWNH010000146.1	78755
JAWWNH010000150.1	2805817
JAWWNH010000169.1	1169552
JAWWNH010000186.1	47546
JAWWNH010000188.1	8786860
JAWWNH010000196.1	40831
JAWWNH010000206.1	66987
JAWWNH010000223.1	529061
JAWWNH010000224.1	14658628
JAWWNH010000227.1	74127
JAWWNH010000231.1	174701
JAWWNH010000236.1	335119
JAWWNH010000239.1	71510
JAWWNH010000242.1	6239686
JAWWNH010000245.1	40654
JAWWNH010000246.1	63756
JAWWNH010000256.1	52525
JAWWNH010000258.1	26765
JAWWNH010000262.1	65714
JAWWNH010000265.1	40428
JAWWNH010000267.1	85548
JAWWNH010000270.1	81818
JAWWNH010000273.1	83358
JAWWNH010000274.1	34059
JAWWNH010000279.1	44905
JAWWNH010000280.1	73634
JAWWNH010000283.1	57393
JAWWNH010000284.1	55211
JAWWNH010000290.1	52631
JAWWNH010000294.1	53433
JAWWNH010000296.1	35238
JAWWNH010000302.1	51985
JAWWNH010000305.1	48272
JAWWNH010000306.1	136011
JAWWNH010000312.1	88644
JAWWNH010000314.1	72079
JAWWNH010000315.1	49801
JAWWNH010000319.1	37377
JAWWNH010000324.1	130206
JAWWNH010000327.1	61374
JAWWNH010000328.1	148225
JAWWNH010000331.1	38166
JAWWNH010000332.1	92014
JAWWNH010000334.1	43620
JAWWNH010000335.1	32996
JAWWNH010000342.1	88798
JAWWNH010000343.1	68840
JAWWNH010000347.1	59561
JAWWNH010000349.1	192611
JAWWNH010000351.1	28320
JAWWNH010000356.1	56303
JAWWNH010000358.1	61479
JAWWNH010000360.1	47240
JAWWNH010000363.1	35135
JAWWNH010000366.1	31309
JAWWNH010000367.1	66365
JAWWNH010000370.1	58168
JAWWNH010000375.1	38070
JAWWNH010000376.1	74024
JAWWNH010000377.1	52879
JAWWNH010000379.1	26095
JAWWNH010000380.1	71567
JAWWNH010000381.1	54118
JAWWNH010000382.1	27121
JAWWNH010000386.1	37593
JAWWNH010000390.1	51575
JAWWNH010000392.1	31768
JAWWNH010000397.1	29770
JAWWNI010000009.1	4992196
JAWWNI010000088.1	1411785
JAWWNI010000152.1	268050
JAWWNI010000154.1	346887
JAWWNI010000158.1	1457688
JAWWNI010000176.1	501182
JAWWNI010000283.1	2229890
JAWWNI010000304.1	603706
JAWWNI010000316.1	422923
JAWWNI010000350.1	107428
JAWWNI010000388.1	2736580
JAWWNI010000410.1	348006
JAWWNI010000449.1	455651
JAWWNI010000478.1	186255
JAWWNI010000483.1	262480
JAWWNI010000492.1	400233
JAWWNI010000508.1	41026
JAWWNI010000538.1	178903
JAWWNI010000569.1	986167
JAWWNI010000579.1	272417
JAWWNI010000589.1	240693
JAWWNI010000635.1	224145
JAWWNI010000641.1	361764
JAWWNI010000651.1	1084799
JAWWNI010000660.1	1047526
JAWWNI010000663.1	181038
JAWWNI010000669.1	368344
JAWWNI010000699.1	2586652
JAWWNI010000715.1	298163
JAWWNI010000721.1	207265
JAWWNI010000723.1	114453
JAWWNI010000727.1	177127
JAWWNI010000767.1	321030
JAWWNI010000783.1	741216
JAWWNI010000813.1	272062
JAWWNI010000817.1	1997349
JAWWNI010000855.1	2145781
JAWWNI010000868.1	41719
JAWWNI010000877.1	134964
JAWWNI010000887.1	136518
JAWWNI010000894.1	91227
JAWWNI010000900.1	147755
JAWWNI010000902.1	201654
JAWWNI010000907.1	441481
JAWWNI010000911.1	146744
JAWWNI010000912.1	143180
JAWWNI010000927.1	124439
JAWWNI010000928.1	114967
JAWWNI010000933.1	48387
JAWWNI010000937.1	143118
JAWWNI010000959.1	235972
JAWWNI010000966.1	167461
JAWWNI010000986.1	141549
JAWWNI010000991.1	63646
JAWWNI010000996.1	136290
JAWWNI010001004.1	92941
JAWWNI010001020.1	71640
JAWWNI010001043.1	2724785
JAWWNI010001057.1	202031
JAWWNI010001087.1	102048
JAWWNI010001117.1	279857
JAWWNI010001198.1	58344
JAWWNI010001199.1	157229
JAWWNI010001225.1	144118
JAWWNI010001233.1	68099
JAWWNI010001246.1	36083
JAWWNI010001258.1	457930
JAWWNI010001282.1	186514
JAWWNI010001291.1	221953
JAWWNI010001292.1	360534
JAWWNI010001310.1	44106
JAWWNI010001314.1	229960
JAWWNI010001323.1	320313
JAWWNI010001336.1	196159
JAWWNI010001352.1	238338
JAWWNI010001360.1	120084
JAWWNI010001362.1	105985
JAWWNI010001373.1	102363
JAWWNI010001392.1	208804
JAWWNI010001399.1	74419
JAWWNI010001410.1	52920
JAWWNI010001413.1	42510
JAWWNI010001428.1	180288
JAWWNI010001429.1	105939
JAWWNI010001463.1	60849
JAWWNI010001465.1	153940
JAWWNI010001467.1	122521
JAWWNI010001477.1	91970
JAWWNI010001479.1	232709
JAWWNI010001498.1	126461
JAWWNI010001500.1	74418
JAWWNI010001506.1	140884
JAWWNI010001511.1	44856
JAWWNI010001517.1	168659
JAWWNI010001520.1	95110
JAWWNI010001549.1	54842
JAWWNI010001563.1	98503
JAWWNI010001577.1	58706
JAWWNI010001580.1	109067
JAWWNI010001582.1	95538
JAWWNI010001589.1	84956
JAWWNI010001598.1	141762
JAWWNI010001599.1	52092
JAWWNI010001601.1	135338
JAWWNI010001608.1	53603
JAWWNI010001612.1	71120
JAWWNI010001622.1	66484
JAWWNI010001623.1	35504
JAWWNI010001626.1	241872
JAWWNI010001632.1	248333
JAWWNI010001634.1	92132
JAWWNI010001635.1	71616
JAWWNI010001637.1	65938
JAWWNI010001639.1	21831
JAWWNI010001641.1	26524
JAWWNI010001644.1	122678
JAWWNI010001669.1	43266
JAWWNI010001671.1	152809
JAWWNI010001673.1	80465
JAWWNI010001676.1	117726
JAWWNI010001681.1	43996
JAWWNI010001685.1	81219
JAWWNI010001692.1	35141
JAWWNI010001698.1	40181
JAWWNI010001699.1	73847
JAWWNI010001702.1	140242
JAWWNI010001705.1	42068
JAWWNI010001706.1	67795
JAWWNI010001709.1	83447
JAWWNI010001713.1	70533
JAWWNI010001715.1	30332
JAWWNI010001732.1	50667
JAWWNI010001735.1	32109
JAWWNI010001736.1	64324
JAWWNI010001739.1	75430
JAWWNI010001742.1	50179
JAWWNI010001747.1	59779
JAWWNI010001753.1	69295
JAWWNI010001765.1	35789
JAWWNI010001766.1	60457
JAWWNI010001774.1	83311
JAWWNI010001779.1	68846
JAWWNI010001786.1	44999
JAWWNI010001794.1	75388
JAWWNI010001795.1	29921
JAWWNI010001797.1	45331
JAWWNI010001798.1	58557
