L1	163.8	110.8	100.6	86.3
L2.1	157.7	102.8	97.5	81.7
L2.2	131.7	105.3	167.6	85.2
L3	76.8	66.9	85.1	70.6
L4	115.1	101.5	115	102.4
L5.1	107	104.9	158.6	83.3
L5.2	162.8	108.7	124.8	86.8
L6	106.1	104.1	136.2	88.3
L7.1	163.9	111	104.5	86.5
L7.2	150	106.6	180.4	79.5
L8.1	130.3	106.4	157.9	77.1
L8.2	168.3	106.2	119.3	89.1
L9	157.8	108	101.9	83.8
L10.1	138.5	98.8	164.4	77.3
L10.2	158.7	102.7	144	84.9
L11.1	140.8	98.9	165.5	85.3
L11.2	153	100.4	160.4	83.5
L12	150.4	100.9	98	82.5
L13.1	139.3	101.4	166.6	77.5
L13.2	158.4	104.1	135.5	85.6
L14.1	150	102.2	102.7	80.3
L14.2	136.5	98.8	162.6	79.6
L15	160.5	109.3	100	85.3
L16.1	162.7	110.8	98.9	85.7
L16.2	140.5	109.9	174.7	80.5
L17	148.1	100.5	96.8	82.3
L18	156.6	102.6	97.9	82.9
L19.2	138.9	99.9	163.7	78
L20	155.6	104.1	100.8	80.8
L21	155.3	103.2	97.5	81.6
L22	157.2	109.5	101.1	81.5
L23	150.6	101.9	99.3	83.2
L24.1	136.8	102	168	80.1
L24.2	149.8	102	153.5	81.1
L25	155.2	107	96.6	81.7
L26	160.1	106.9	98.5	85.6
L27.1	132.4	100.2	166.7	79.8
L27.2	149.1	98.2	96	83.4
L28.1	166	110.6	103.8	89.2
L28.2	139.2	105.9	172.3	78.1
L29	96.7	100.7	166.4	78.7
L30	161.8	106.5	98.5	86.7
L31	167	113.4	100.7	88.8
L32	155.1	99.9	94.3	84.2
L33.1	147.2	100.5	160.2	82.2
L33.2	163	108.8	118.9	88.3
L34.1	97.1	100.4	167.5	80.1
L34.2	154.3	102.6	149.2	82.9
L35	150.9	100.3	96	82.9
L36	148.5	101.8	145.8	81.7
L37.2	163.8	106.7	154.5	88
L38.1	143.9	101.6	169.4	77.3
L38.2	154.3	102.2	96.8	82.4
L39	101.7	107.5	178.9	81.1
L40	97.9	102.3	173	78.6
L41.1	138.2	103.3	166.9	79
L41.2	153	98.4	93.3	84.6
L42	99	104.4	176.8	77.9
L43	150.4	100.2	98.8	80.5
L44	99.1	107.4	178.8	77.8
L45.1	136.7	101.3	166.5	78.9
L45.2	159	103.7	108	82.2
L46.1	160.6	109.6	100.3	85
L46.2	152.6	106.7	176.3	79.9
L47	165.6	108.7	98.4	86.3
L48	155.2	104.3	97.2	82.3
L49.1	162.6	109.6	100	86.8
L49.2	152.4	106.6	179.7	81.5
L50.1	159.4	107.9	99.8	86.9
L50.2	154.1	108.3	173.1	81.7
L51.1	98.4	102.8	163.7	78.4
L51.2	155	101.2	144.9	79.4
L52	154.8	105.7	98.5	84.6
L53	163.1	106.6	99.7	85.5
L54.1	160.6	106	98.8	85.5
L54.2	139.2	106.2	177.8	82.7
L55	106.3	108.7	176.2	79
L56	164	107.6	98.2	84.8
L57	97.7	103	167.2	80.2
L58	159.9	110.5	98.2	84.5
L59	154.1	100.4	97.4	83.6
L60	157.5	106.8	98	84
L61	101	107.2	176	80.8
L62	149.5	102.2	97.1	81.3
L63	162	110.5	99.3	84.4
L64	97.7	103.7	163	77.6
L65	99.3	104.3	177	77.9
L66	149.2	100.7	99.2	83.9
L67	99.2	105.8	171.4	79.2
L68	141.9	99.6	88	80.7
L69	136	90.6	83.3	81.4
L70	145.2	99.3	88.6	86.6
L71	143.8	103.3	92.6	83.3
L72	100.6	155	108.6	63.2
L73	105.6	152.6	105.6	65.9
L74	101.6	153	107.5	66.1
L75	145.2	101.2	89.7	82.7
L76	142.4	101.8	90.8	116.9
L77	150	104	117.5	85.1
L78	150.2	104.9	89.9	85.2
L79	147.1	102.2	90.8	82.4
L80	142.5	97.9	128.5	80.7
L81.1	146.6	101.1	94.6	84.7
L81.2	137.8	154.6	105.3	79.9
L82.1	99.9	143.4	102	63
L82.2	140.7	126.4	91.7	80
L83	145.4	97.3	84	80.5
L84	146.9	99.5	124.4	84.9
L85.1	143.7	101.9	88.6	82.6
L85.2	136.1	157.9	105	74.9
L86	104.2	159.7	106.9	65.3
L87	146	100.8	137.8	81.2
L88	147.7	102.2	88.3	85.4
L89	140.2	97.8	121.8	86.4
L90	97.5	144.3	99.5	61.6
L91	96.5	137.3	96.8	59.9
L92	97.9	142	101.1	62.8
L93	145.6	99	109.5	80.2
L94	98.4	143.4	100.4	62.8
L95	102.7	141.5	101.4	63.7
L96.1	95.4	140.3	94.4	62.6
L96.2	145.7	134.6	100	80.5
L97	142.8	100.1	88.3	83.3
L98.1	133.5	137	100.8	73.2
L98.2	143	100.1	118.7	82.8
L99.1	136.6	95	84.1	118.1
L99.2	139.2	154.4	110.6	78.1
L100	150.2	103	90.5	85.5
L101	148.3	104.3	90	84.8
L102	98.8	145.8	101	61.9
L103	97.5	100.8	134.3	77.1
L104.1	144.4	96	85.5	79.1
L104.2	134.5	142.7	99	75.9
L105	100.4	143.6	100.6	68.5
L106	97.4	144.8	100.9	63.4
L107	101.9	151.9	103.6	66.2
L108	105.3	153.1	106.9	63.8
L109	105.3	155.1	103	64.8
L110	103.3	153.4	106.7	64.2
L111.1	150.2	100.2	90.8	85.6
L111.2	139.5	155.2	105.5	76.4
L112	144.2	138	98.2	120.1
L113	142.6	100.5	90.7	81.8
L114	104.2	154.2	105.8	67.7
L115	104.8	156	104.6	66.8
L116	106.5	160.5	106.4	65.7
L117	106.3	155.5	109.1	66.1
L118	103.8	153.8	107.4	63.1
L119	105.5	161.5	105.6	66.4
L120	105.2	158	104.8	67.7
L121	106.6	158.5	105.2	65.8
L122	110	154	106.2	66.3
L123	106.8	152.9	107.4	65.6
L124	105.4	155	109.6	66.5
L125	107	158.5	105.7	65.7
L126	99.4	144.3	98.8	62.9
L127	95.4	140	97.2	60.4
L128	96.2	139.4	98.1	62.7
L129	95.4	142.1	101	61.5
L130.1	132.5	137.2	100.9	74.7
L130.2	139	97.8	86.1	82.4
L131	96.5	146.2	101.7	65.1
L132	100	143.4	102.8	63
L133	105.4	155	105	65.4
L134.2	129.4	145.2	101.8	79.4
L135	141.1	141.1	99.8	80
L136	99.2	142.4	104.9	62.4
L137	92.6	133.7	97	62.2
L138	104.3	152.6	103.8	65.2
L139	140.7	148.4	100.1	114.6
L140	92.9	137.1	98.7	58.8
L141	103.6	153.3	103.2	64.2
L142	103.7	149.8	100.3	61.9
L143	104.5	152.3	102.2	64.2
L144	99.4	141	102	62.3
L145	95.3	139	96.5	59.1
L146	97.3	148.9	101.6	63
L147	105.2	156.1	106.6	65
L148	104.8	161.6	104.7	66.3
L149	107.2	157.7	104.4	66.3
L150	105.7	159.6	105.8	64.6
L151.1	140	95.1	84.2	122.3
L151.2	140	152.9	105.6	81.2
L152.1	98.2	141.4	101.7	63.1
L152.2	145.2	131.9	96.7	83.9
L153	144.7	98.3	89	83.3
L154	107.8	160.1	107.3	66.8
L155	146.2	101	87.3	84.5
L156	98.5	142.5	99.9	65
L157	107.9	155.9	107	66.1
L158.1	145.2	93.5	86.5	119.1
L158.2	134.7	148.7	103.5	79.6
L159.1	154.6	138.8	97.9	85.9
L159.2	107.1	153.8	106.9	64.9
L160	108	151.5	101.6	64.1
L161	107.7	160.7	104.3	66.2
L162	147.9	102.9	93.1	88.1
L163	146.9	103.4	93.3	86.1
L164	102.9	147.2	105.5	64.1
L165	106.5	156.5	106.8	66
L166	104.8	157.4	107.4	65.1
L167	99.5	147.1	102.6	61.6
L168	97.3	143.6	99.7	61.8
L169.2	136.5	151.6	105.6	81.5
L170	140.6	159.1	105.9	122.8
L171	98.4	145.1	101.5	62.6
L172	100.2	141.8	105.7	62.8
L173	97.3	144.3	100.7	64.3
L174	148.9	104.2	87.8	82.6
L175	109.6	159.2	108.9	67.6
L176.1	147	104.9	87.7	82.9
L176.2	147	156	102.6	77.8
L177	99.6	141.4	99.2	65.8
L178	97.4	143.1	100.3	61
L179	141.2	99.8	87.1	81.2
L180	141.6	97.1	90.2	81
L181	141.1	94.2	89.5	78.6
L182	160.4	106.7	99.8	87.3
L183.2	107.5	79.4	101.5	118.1
L184.1	81.5	62.7	77.8	124.6
L184.2	154.6	99.2	92.6	120.1
L185.2	154.9	104.9	147.4	85.5
L186	133.4	94.8	102.4	83.9
L187	140.1	99.6	90	82.7
L188	141.9	91.1	80.1	77
L189	146.1	96.8	89.6	79.9
L190	141.9	90.3	78.8	76.6
L191	134.2	90	79.2	78.2
L192	143.8	92	82.3	78.9
L193	140	92	80.7	76.1
L194	138.7	89.7	78.2	75.2
L195	147.1	96.2	79.2	79.7
L196	96.3	104.2	151	81.3
L197.2	165.9	106.7	138.1	86.1
L198	161.8	106.5	96.5	125.6
L199	157.9	108.2	96.4	87.5
L200	93.6	99.4	157.7	73.7
L201	154.4	110	170.1	84.3
L202	159.6	106	96.4	87.5
L203	150.3	96.9	94	84.3
L204	153.8	101.2	94.8	85.5
L205	160.3	109.7	96.5	87.7
L206	140.5	90.2	79.6	74.7
L207	143.2	92.9	80.9	77.3
L208	152.7	96.2	81.5	80.1
L209	147.4	97.6	79.8	77.9
L210	143.5	93	78.8	77.8
L211	150.6	98.4	96.1	83
L212	148.2	101.5	94.4	84.2
L213	159.4	106.2	98.6	88.5
L214.1	79.2	61.6	75.5	122.1
L214.2	150.1	97.9	93.2	126.5
L215	155.2	104.2	162.4	91.8
L216	158.6	102.8	95	88.4
L217	144.3	93.5	81	77.9
L218	141.2	97.1	80.2	80.7
L219	156.9	105.3	94.1	126.8
L220	160.3	107.9	98.2	93.4
L221	135.9	96.8	82.3	77.6
L222	137.8	88.6	79.9	77
L223	140.6	91.6	79.3	75.7
L224	138.6	92	81.7	79.9
L225	138.2	89.7	79.7	74.5
L226	139.3	90.9	80.9	77.2
L227	145.4	90.8	80	78.7
L228.1	147.5	93.2	89.1	128.8
L228.2	149.7	98.1	95.3	129.6
L229	159.6	108.1	98.1	86.1
L230	150.7	99.7	93.6	85.7
L231	142.6	96.1	80.7	77.5
L232	159.8	105.3	95.2	86.8
L233	144.6	93.8	80.3	80.6
L234	148.3	93.8	83.4	77.8
L235	140.1	90.7	76.6	74.5
L236	141.6	92.1	82.2	76.7
L237	141.7	92	81.8	77.1
L238	144.8	92	81.6	78.5
L239	147.4	95.7	83.2	79.3
L240.1	82.7	62.8	74.1	129.3
L240.2	152.4	100.4	95.9	120.6
L241	147	96.7	82.4	79.4
L242	163.9	104.6	99.2	89.3
L243	136.7	93.2	86.7	79.3
L244	134.8	91.3	86.6	77
L245	137.9	91	79.6	77.6
L246	152	98.7	92	82.9
L247	161.1	106	95.2	88.5
L248	147.5	95.1	82.4	79.6
L249	142.7	90.6	81.1	74.7
L250	139.7	89.5	80.6	77.2
L251	143.5	91.7	81.2	76.6
L252	137.6	89	77.1	75.8
L253	142.3	89.7	80.1	75.5
L254	141.2	92.8	79.8	78
L255	158.2	107.5	95.7	91.3
L256	157.6	105	95.4	86.6
L257	147.6	96.3	83	79.8
L258	159.3	105.8	94.9	87.2
L259	149.4	100.2	96	83.8
L260	161.5	105.5	96.2	131
L261	145	92.5	82.4	77.4
L262	145.3	96	83.1	78.5
L263	136.2	90.3	80.7	75.8
L264	152.6	101.4	97.8	82.8
L265	141.4	92.4	81.1	76.9
L266	140.6	90.5	79.4	78.9
L267	144.8	96	84.1	79.6
L268	158.7	106.4	99.6	85.8
L269	163.2	108.5	96.4	128.8
L270	150.9	104.6	93.1	82.6
L271	140.9	90.2	79.7	77.6
L272	140.1	92.2	76.4	78.1
L273	143.2	89.2	77.9	77.5
L274	137	91.4	77.6	78
L275	149.8	94.3	85.1	79
L276	159.9	107.1	102	85.2
L277	160.1	106.3	97.9	83.2
L278.1	166.3	108.1	99.3	84.8
L278.2	155.3	106.6	177.2	78.8
L279	81.7	58.1	76.3	126.3
L280	148	95.5	81.9	80.6
L281	138.8	91.1	80.8	76.4
L282	152.2	98.7	93.6	83.8
L283	152.4	102	93.2	129.8
L284	144.4	93.6	81.5	80
L285	144.3	93.5	79.4	78.8
L286	139.9	89.7	78.2	79.2
L287	127.2	91.2	76.5	72.9
L288	145.9	93	79.5	77.1
L289	144.3	93.4	81.6	79
L290	139.1	88.7	79.2	80.1
L291	151.8	100.8	95.1	83.5
L292	149.1	98.7	93.2	80.6
L293	153.5	99.4	91.7	83.4
L294	150.1	98.9	92.9	82.2
L295	163.2	106.1	98.6	88.3
L296	141.1	94	81	77.8
L297	144.3	94.7	81.2	79.1
L298	145.8	91.4	82.4	80.3
L299	140.3	93.1	80.9	76.8
L300	140.8	92.3	80.7	77
L301	160.6	106.6	97.9	86.9
L302	148.3	95.6	82.6	80.4
L303	145	95.2	80.6	80.2
L304	159.8	105.8	97.5	89.4
L305	151.6	102.9	98.7	81.5
L306	137.5	92.7	78.9	75.7
L307.1	82.4	61.3	75.3	123.7
L307.2	151.9	94.3	92.4	125.1
L308	152.6	101.1	93.9	81.9
L309	143.7	90.9	81.5	81.4
L310	158.1	103.5	99.9	129.4
L311	144.8	92.8	79.8	78.5
L312	147.4	94.7	78.5	80.1
L313.1	106.5	104.3	126.4	86.8
L313.2	158.2	103.6	124.6	87.9
L314	143.2	91.5	81	77.7
L315	150.9	98.2	93.6	83.6
L316	150	98.8	96.9	83.6
L317	145.3	93.2	82.5	77.4
L318	160	105.8	99	86.7
L319	147.4	97.4	83.1	79.8
L320	156.1	104	96.9	86.9
L321	157.4	106.4	97.9	87.6
L322	150	102.4	91.7	82.2
L323	163.2	102.9	97.7	127.9
L324	161.9	110.9	99.1	87.5
L325	141.7	94.5	78.3	77.5
L326	145.1	95.5	80.9	77.7
L327	150.9	101.8	94.3	83
L328	146.4	95.8	80.9	79.3
L329	143.1	95.1	78.9	77.2
L330	151.5	96	81.2	81.7
L331	146.1	96	83.4	77.6
L332	142.8	93.9	81.2	77.3
L333	147.7	87.2	74.8	75.9
L334	137	89	81.3	75.2
L335	146.3	96.9	80.8	79.2
L336	160.8	110	98.1	87.9
L337	142.5	91.2	79.5	76.8
L338	147.8	95.8	82.6	79
L339	143	90.9	79.7	77.3
L340	142	90.9	79.1	75.6
L341	143.1	91.5	79	78.4
L342	145.9	96.3	81.8	81
L343	157.8	104.1	95.5	85.3
L344	160.7	105.6	94.4	86.4
L345	157.4	101.9	96.7	82.2
L346	149.9	102.2	94.2	88.1
L347	142.2	90.5	81.1	77.7
L348	140	92.9	80.5	78.1
L349	159.9	105.7	95.6	86.3
L350	143.2	93.7	83	78.3
L351	139.4	88.9	80.6	76.5
L352	158.5	105	96.1	86.7
L353	149.7	99.3	93.3	83.9
L354	148.2	95.6	83.3	80.3
L355	157.5	105.3	96.3	85.3
L356	140	91.6	79.7	76.6
L357	134.9	90	77	73.8
L358	156.6	109.3	98.6	85.6
L359	141.6	90.2	81.2	78.5
L360	146.2	96.7	81	79.1
L361	147.7	95.5	84.8	78.8
L362	138.8	92.9	78.9	75.6
L363	138.7	90.9	81.6	77.7
L364	144.8	91.7	81.7	77.2
L365	161.5	102.9	94	85.6
L366	156.1	101.1	94.7	83
L367	153	100.3	94.8	82.3
L368	163.2	108.1	98.2	132.4
L369	99.7	103.8	156.4	83.2
L370.2	164	108.6	140.3	88.6
L371	159.5	110.2	100.1	87.2
L372.1	81.6	62.2	74.4	126.7
L372.2	153.2	98.4	94.6	125.8
L373	153.6	101.3	126.1	87.9
L374	149.9	101.6	94.4	83.8
L375.1	79.4	62.4	77.7	124.2
L375.2	155	102	94.5	122.5
L376.1	82.3	72.6	84.3	70.8
L376.2	162.7	108.5	98.5	129.4
L377	94.3	100.1	158	74
L378	148	100.8	170.6	81.8
L379	164.9	107.5	97.5	128.2
L380	164.2	109.9	98.3	131
L381.1	81.6	63.5	76.1	128.8
L381.2	153.8	102.9	94.6	117.5
L382.1	118.3	91	84.9	127.4
L382.2	152.7	100.9	96	125.1
L383.1	81.4	63.1	75.9	131.1
L383.2	157.3	103.4	95.9	124
L384	163.3	108.1	97.4	127.8
L385.2	155.8	103.8	95.2	85.7
L386	165	108.8	97.6	87.9
L387	153.9	100.6	92.1	87
L388	166.4	105.2	95	127.5
L389	147.9	97.5	160.2	83.6
L390.1	142.9	104.8	167.6	82.2
L390.2	154.1	102.9	99.5	84.8
L391.1	80	66.2	72.3	128.5
L391.2	154.8	102.6	97	128.5
L392.1	128.1	99.3	148.4	74.8
L392.2	169.2	107.6	142	123.8
L393	162.9	105.2	96.5	87.7
L394	150.5	102.7	94.7	83.5
L395	166.1	111	98.3	127.5
L396	153.6	101.9	96.3	85.6
L397	139.8	95.6	80.9	79.5
L398	145.8	96.7	82.9	78.3
L399	145	95.6	81.7	79
L400	148.7	96.5	82.4	79.4
L401	136.3	91.1	75.7	76.2
L402	144.7	95.2	82.6	78.5
L403	149.4	95.2	83	80.2
L404	150.4	97.2	82.6	81.9
L405	147.1	96	84.8	79.6
L406	148.3	96	81.7	80.3
L407	150.2	97.6	82	78.9
L408	140.7	95.5	78.3	79.4
L409	129.3	88.7	76.8	71.3
L410	79.5	62.1	75.5	121
L411	82.8	60	74.5	124.5
L412	155.2	95.3	86.3	79.4
L413	161.2	109.4	100.5	93.5
L414	151.5	96.5	83.8	80.1
L415	131.4	84.1	73.6	72.1
L416	150	96	84.8	81.3
L417	136.3	95.3	78.5	74.7
L418	142.8	94.2	84.6	78.4
L419	144.4	93.7	81.8	79.3
L420.2	145.6	93.3	82.9	78.3
L421	142.4	93.1	87.1	80.8
L422	144.6	92.1	81.6	78.6
L423	148.1	97.3	81.2	79.9
L424.1	145.3	95.5	81.5	78
L424.2	130.5	84.8	73.1	76
L424.3	149.9	95.9	82.6	80.7
L425	150.3	92.5	79.1	77.3
L426	145.4	95.4	82.3	79.3
L427	145.6	96.2	82.3	80.7
L428	140	89	77.2	76.2
L429	136.1	87.5	75	74.1
L430	135.2	86.4	77.9	77.4
L431	144.5	87.8	80	77.1
L432	136	89.6	77.5	76
L433	137.5	88.3	77.8	76.8
L434	136.8	87.2	77	74.9
L435	145.6	93.1	81.1	77.6
L436	142.5	91.5	79.4	78.3
L437	137.3	94	87.9	77.3
L438	138.4	94.9	93.6	78
L439	137.4	90.9	87.1	80.2
L440	143.6	92.3	82.3	77.7
L441	124.5	84.2	105.2	123.3
L442	141.7	92.7	80	77.6
L443	152	95.3	83.9	79.4
L444	142.2	92.1	81.4	77
L445	138.7	90.2	78.8	75.5
L446	141.8	92.9	82.3	77.8
L447	142	91.1	81.4	75.9
L448	144.2	93.1	80.4	78.7
L449	148	96.8	82.4	83.1
L450	145.8	92.8	82.3	78.6
L451	148.5	95.6	82.4	78.8
L452	140.2	93.9	82.1	79
L453	149.7	97.4	83.9	80.2
L454	148.9	97.9	81.6	80.5
L455	149.2	97.1	82.7	80.5
L456	146.5	94.3	80.1	76.9
L457	147.5	99.2	85.3	79.4
L458	142.3	90.9	82.4	78.1
L459	141.7	92.7	82.6	76.6
L460	139.4	90.2	80.6	77
L461	141.1	91.1	78.6	78.3
L462	151.9	94.5	82.2	77.7
L463	150.2	99.1	85.1	80.1
L464	148.5	96.5	83.4	80
L465	130	86.7	76.3	76.7
L466	145	94.1	81.5	77.1
L467	148.2	95.7	83.7	80.4
L468	149.7	96	85.6	81.6
L469	152.1	96.5	83.5	79.3
L470	151.2	94.8	79.9	78.3
L471	138.4	89.8	79.7	76.9
L472	141.8	92.5	82.1	77
L473	143.7	93.6	80.4	76.2
L474	146.6	92.2	81.3	78.3
L475	148.3	97.7	82	80.2
L476	143.3	89.2	79.8	75.4
L477	142.6	90.2	78.7	77.6
L478	139.9	93.2	79.6	77.1
L479	149.4	97.2	83	78.4
L480	145	93.5	81.7	78.6
L481	146.6	96.4	82.8	79
L482	149.8	96.3	82.9	81.2
L483	153.2	94.2	83	81.1
L484	141.8	92.3	81.5	77.4
L485	148.4	95.8	82.4	78.7
L486	147	93.5	80.5	78.1
L487	148.6	94.5	80.2	79.4
L488	141.6	91.8	80.5	77.7
L489	144	96.1	79.1	80.6
L490	140.5	93.1	77.7	74.8
L491	146.5	92.7	82.7	77.9
L492	146.8	92.2	84.3	77.9
L493.1	136.2	101.3	159.9	75.9
L493.2	154.9	105.1	124.8	85.4
L494	102	96.4	132	83.6
L495.1	139.7	101.1	164.5	75.7
L495.2	152.2	105.3	98.6	84.5
L496	147.5	99.6	153	89.1
L497.1	136.8	102.9	168.1	80.3
L497.2	153.8	103.2	96.7	84.3
L498.1	136.4	103.2	167.2	78.4
L498.2	160.1	102.2	134.1	84.8
L499	150.9	107.8	173.2	84.6
L500.1	163.5	108.5	160.8	87.2
L500.2	158	111.4	182.5	81.2
L501.2	131	101.7	165.4	77.3
L501.3	158.7	103.6	142.2	86
L501.4	94.7	94.3	148.8	71.6
L502.2	172.3	107.7	149.4	88
L503.1	163.7	113.2	101.7	88
L503.2	149.2	107.8	177.3	82.4
L504	94.3	95	123.2	83.6
L505	103.9	107.3	183	79.7
L506.1	149	106.3	174.6	79.5
L506.2	166.5	108.9	98.7	86.1
L506.3	146.1	107.2	180.4	80.8
L507.1	161.3	111.2	100.2	87.5
L507.2	146.6	111.9	180.2	79.6
L508	155	100.9	96.6	83.7
L509.1	134.7	105.9	169.3	78.7
L509.2	153.1	104.1	114.4	82.6
L509.3	99	97.8	152.7	78.3
L510	100.9	98.8	144.4	79.9
L511	101.8	98.7	142.1	81.7
L512	111.3	94	108.1	94.7
L513.1	163.6	108.9	100.9	87.2
L513.2	149	107.1	178.3	79.5
L514.1	99.7	103	169.5	78.5
L514.2	156.4	107.2	156.8	83.8
L515.1	140.4	101.9	163.5	78.3
L515.2	156.7	104	97.9	84
L516.1	164	110	101.6	87.5
L516.2	144.4	108.6	176.6	80.4
L517.1	145.3	101.8	171.5	79.3
L517.2	158.7	104.9	98.1	84.8
L518.1	122.9	102.4	165.1	75.3
L518.2	151.5	101.5	100.6	81.6
L519.1	154.8	103.3	98.4	82.1
L519.2	138.5	100.4	167.1	77.9
L520.1	164.9	108.2	102.4	88.1
L520.2	146.6	107	174.8	80.4
L521.1	163.8	109.8	97.5	88.2
L521.2	151.4	107	176.2	79.6
L522	160.3	102.2	94.4	89
L523.1	101.5	103.7	159.2	76.6
L523.2	168.6	105.4	142.2	89.2
L524	151.2	103.6	100.8	83.3
L525	154.6	100.1	96.3	84.7
L526.2	144.8	102.3	156.5	83.9
L526.3	161.1	108.8	100.8	89.5
L526.4	152.7	106.2	176.5	79.1
L527.1	139.2	101.2	168.5	78.4
L527.2	154.4	102.3	98	82.6
L528	152.9	102.6	98.8	83.3
L529.1	164.3	108.6	99.7	86.9
L529.2	145.9	108.4	176.1	79.3
L530.1	141	111.5	176.3	80
L530.2	159.4	106.2	151.3	83.3
L531	150.8	100.9	142.5	84.2
L532.1	158.5	105.9	98.3	88.7
L532.2	141.4	106.2	178.7	82.2
L533.1	163.7	111.2	101.6	85.6
L533.2	142.9	108.2	180.9	80.1
L534	96.3	100.5	166	77
L535	96.9	101.9	172.7	77.9
L536.1	139	101.8	165.8	76.9
L536.2	153.7	103	98.1	81.5
L537.1	135.8	98.8	165.2	77.8
L537.2	152	98.3	96.9	84.9
L538	96.8	103.9	169.4	77.1
L539	150.5	99.2	98.5	81.2
L540	144.9	95.5	81.4	78.1
